Rk,Name,Date,To Team,From Team,Age,WAR3,Yrs,G,AB,R,H,HR,RBI,SB,BB,BA,OBP,SLG,OPS,W,L,ERA,WHIP,G.1,GS,SV,IP,H.1,HR.1,BB.1,SO,source_url
1,Ben Gamel,2021-05-09,Pittsburgh Pirates,MIL,29,0.8,5,442.0,1239.0,174.0,323.0,23.0,126.0,13.0,126.0,0.261,0.331,0.388,0.72,,,,,,,,,,,,,https://www.baseball-reference.com/leagues/majors/2020-free-agents.shtml
2,Brian Goodwin,2021-05-05,Chicago White Sox,CIN,30,1.9,5,357.0,1009.0,144.0,252.0,42.0,129.0,22.0,96.0,0.25,0.317,0.455,0.772,,,,,,,,,,,,,https://www.baseball-reference.com/leagues/majors/2020-free-agents.shtml
3,Christian Bethancourt,2021-05-01,Pittsburgh Pirates,PHI,29,,5,161.0,469.0,43.0,104.0,8.0,46.0,3.0,18.0,0.222,0.252,0.316,0.567,0.0,0.0,10.13,3.375,6.0,0.0,0.0,5.1,7.0,1.0,11.0,3.0,https://www.baseball-reference.com/leagues/majors/2020-free-agents.shtml
4,Aaron Wilkerson,2021-05-01,Los Angeles Dodgers,MIL,32,-0.5,3,,,,,,,,,,,,,,,,,,,,,,,,,https://www.baseball-reference.com/leagues/majors/2020-free-agents.shtml
5,Tim Adleman,2021-04-30,Cincinnati Reds,DET,33,,4,,,,,,,,,,,,,,,,,,,,,,,,,https://www.baseball-reference.com/leagues/majors/2020-free-agents.shtml
6,Josh A. Smith,2021-04-27,Miami Marlins,MIA,33,-0.4,5,45.0,20.0,1.0,4.0,0.0,0.0,0.0,0.0,0.2,0.2,0.35,0.55,6.0,12.0,5.6,1.538,101.0,12.0,2.0,184.2,203.0,32.0,81.0,150.0,https://www.baseball-reference.com/leagues/majors/2020-free-agents.shtml
7,Ryan Cordell,2021-04-26,Philadelphia Phillies,NYM,29,-1.4,3,121.0,262.0,25.0,53.0,8.0,28.0,4.0,19.0,0.202,0.263,0.328,0.591,,,,,,,,,,,,,https://www.baseball-reference.com/leagues/majors/2020-free-agents.shtml
8,Greg Garcia,2021-04-23,Philadelphia Phillies,SDP,31,0.8,7,578.0,1096.0,142.0,269.0,14.0,99.0,7.0,166.0,0.245,0.354,0.339,0.693,,,,,,,,,,,,,https://www.baseball-reference.com/leagues/majors/2020-free-agents.shtml
9,Dee Strange-Gordon,2021-04-21,Milwaukee Brewers,SEA,33,1.7,10,1002.0,3847.0,532.0,1100.0,18.0,234.0,333.0,168.0,0.286,0.319,0.36,0.679,,,,,,,,,,,,,https://www.baseball-reference.com/leagues/majors/2020-free-agents.shtml
10,Rob Kaminsky,2021-04-18,Philadelphia Phillies,STL,26,-0.1,1,0.0,0.0,0.0,0.0,0.0,0.0,0.0,0.0,,,,,0.0,0.0,1.93,1.071,5.0,0.0,0.0,4.2,3.0,0.0,2.0,3.0,https://www.baseball-reference.com/leagues/majors/2020-free-agents.shtml
11,Jesse Chavez,2021-04-17,Atlanta Braves,TEX,37,3.5,13,189.0,19.0,0.0,2.0,0.0,0.0,0.0,0.0,0.105,0.105,0.105,0.211,41.0,58.0,4.52,1.352,481.0,79.0,8.0,933.0,965.0,143.0,296.0,832.0,https://www.baseball-reference.com/leagues/majors/2020-free-agents.shtml
12,Juan Centeno,2021-04-15,Detroit Tigers,BOS,31,-0.4,7,,,,,,,,,,,,,,,,,,,,,,,,,https://www.baseball-reference.com/leagues/majors/2020-free-agents.shtml
13,René Rivera,2021-04-14,Cleveland Indians,NYM,37,0.3,12,517.0,1423.0,112.0,314.0,41.0,167.0,1.0,89.0,0.221,0.272,0.353,0.625,,,,,,,,,,,,,https://www.baseball-reference.com/leagues/majors/2020-free-agents.shtml
14,Preston Guilmet,2021-04-12,Miami Marlins,MIA,33,-0.5,4,5.0,0.0,0.0,0.0,0.0,0.0,0.0,0.0,,,,,0.0,2.0,9.27,1.697,27.0,0.0,0.0,33.0,43.0,10.0,13.0,27.0,https://www.baseball-reference.com/leagues/majors/2020-free-agents.shtml
15,Brandon Leibrandt,2021-04-12,Miami Marlins,MIA,28,0.2,1,0.0,0.0,0.0,0.0,0.0,0.0,0.0,0.0,,,,,0.0,0.0,2.0,1.111,5.0,0.0,0.0,9.0,3.0,0.0,7.0,3.0,https://www.baseball-reference.com/leagues/majors/2020-free-agents.shtml
16,Iván Nova,2021-04-12,Colorado Rockies,DET,34,1.7,11,80.0,149.0,2.0,6.0,0.0,0.0,0.0,0.0,0.04,0.04,0.04,0.081,90.0,77.0,4.38,1.359,240.0,227.0,1.0,1347.2,1463.0,185.0,368.0,963.0,https://www.baseball-reference.com/leagues/majors/2020-free-agents.shtml
17,Josh Reddick,2021-04-12,Arizona Diamondbacks,HOU,34,2.7,12,1251.0,4257.0,582.0,1118.0,144.0,554.0,61.0,387.0,0.263,0.322,0.428,0.75,,,,,,,,,,,,,https://www.baseball-reference.com/leagues/majors/2020-free-agents.shtml
18,Mike Montgomery,2021-04-06,New York Yankees,KCR,31,0.9,6,117.0,80.0,8.0,10.0,1.0,5.0,0.0,1.0,0.125,0.136,0.175,0.311,23.0,34.0,3.84,1.346,183.0,70.0,3.0,541.0,524.0,58.0,204.0,415.0,https://www.baseball-reference.com/leagues/majors/2020-free-agents.shtml
19,Tyler Olson,2021-04-06,Boston Red Sox,CHC,31,0.2,5,,,,,,,,,,,,,,,,,,,,,,,,,https://www.baseball-reference.com/leagues/majors/2020-free-agents.shtml
20,Héctor Rondón,2021-04-03,Boston Red Sox,ARI,33,0.9,8,298.0,3.0,0.0,1.0,0.0,0.0,0.0,0.0,0.333,0.333,0.333,0.667,24.0,20.0,3.49,1.202,444.0,1.0,92.0,436.0,390.0,50.0,134.0,441.0,https://www.baseball-reference.com/leagues/majors/2020-free-agents.shtml
21,Jesse Biddle,2021-04-02,Atlanta Braves,CIN,29,-0.4,3,69.0,2.0,0.0,1.0,0.0,1.0,0.0,0.0,0.5,0.5,1.0,1.5,6.0,2.0,4.68,1.592,91.0,0.0,1.0,92.1,93.0,11.0,54.0,94.0,https://www.baseball-reference.com/leagues/majors/2020-free-agents.shtml
22,Zack Granite,2021-04-02,Chicago White Sox,NYY,28,,3,,,,,,,,,,,,,,,,,,,,,,,,,https://www.baseball-reference.com/leagues/majors/2020-free-agents.shtml
23,Roenis Elías,2021-04-01,Seattle Mariners,WSN,32,0.6,6,11.0,7.0,0.0,1.0,0.0,0.0,0.0,0.0,0.143,0.143,0.143,0.286,22.0,24.0,3.97,1.32,126.0,54.0,14.0,388.0,364.0,44.0,148.0,325.0,https://www.baseball-reference.com/leagues/majors/2020-free-agents.shtml
24,Matt Magill,2021-04-01,Seattle Mariners,SEA,31,0.5,5,15.0,8.0,0.0,0.0,0.0,0.0,0.0,0.0,0.0,0.0,0.0,0.0,8.0,8.0,4.63,1.55,112.0,6.0,5.0,149.2,150.0,28.0,82.0,158.0,https://www.baseball-reference.com/leagues/majors/2020-free-agents.shtml
25,Carl Edwards Jr.,2021-03-31,Atlanta Braves,SEA,29,0.8,6,182.0,3.0,1.0,0.0,0.0,0.0,0.0,0.0,0.0,0.0,0.0,0.0,9.0,8.0,3.54,1.096,199.0,0.0,3.0,180.2,97.0,15.0,101.0,242.0,https://www.baseball-reference.com/leagues/majors/2020-free-agents.shtml
26,Juan Graterol,2021-03-31,Toronto Blue Jays,MIN,32,-0.1,4,,,,,,,,,,,,,,,,,,,,,,,,,https://www.baseball-reference.com/leagues/majors/2020-free-agents.shtml
27,Tony Wolters,2021-03-31,Chicago Cubs,COL,29,1.6,5,391.0,1075.0,128.0,256.0,7.0,123.0,6.0,122.0,0.238,0.323,0.319,0.642,,,,,,,,,,,,,https://www.baseball-reference.com/leagues/majors/2020-free-agents.shtml
28,Todd Frazier,2021-03-30,Pittsburgh Pirates,NYM,35,5.2,10,1231.0,4357.0,601.0,1056.0,218.0,636.0,73.0,435.0,0.242,0.319,0.448,0.767,0.0,0.0,0.0,0.0,1.0,0.0,0.0,1.0,0.0,0.0,0.0,1.0,https://www.baseball-reference.com/leagues/majors/2020-free-agents.shtml
29,Tommy Hunter,2021-03-30,New York Mets,PHI,34,2.1,13,102.0,4.0,0.0,0.0,0.0,0.0,0.0,0.0,0.0,0.0,0.0,0.0,56.0,45.0,4.08,1.241,472.0,75.0,22.0,863.1,877.0,119.0,194.0,591.0,https://www.baseball-reference.com/leagues/majors/2020-free-agents.shtml
30,Derek Dietrich,2021-03-29,New York Yankees,TEX,31,0.9,8,746.0,2191.0,318.0,536.0,84.0,255.0,7.0,181.0,0.245,0.335,0.428,0.762,,,,,,,,,,,,,https://www.baseball-reference.com/leagues/majors/2020-free-agents.shtml
31,Jason Kipnis,2021-03-29,Atlanta Braves,CHC,34,2.6,10,1165.0,4404.0,607.0,1147.0,126.0,545.0,136.0,467.0,0.26,0.333,0.416,0.75,,,,,,,,,,,,,https://www.baseball-reference.com/leagues/majors/2020-free-agents.shtml
32,Jeff Mathis,2021-03-29,Atlanta Braves,TEX,38,-0.5,16,945.0,2709.0,255.0,526.0,53.0,286.0,12.0,205.0,0.194,0.253,0.3,0.553,,,,,,,,,,,,,https://www.baseball-reference.com/leagues/majors/2020-free-agents.shtml
33,T.J. McFarland,2021-03-29,Washington Nationals,OAK,32,1.0,8,142.0,15.0,0.0,1.0,0.0,0.0,0.0,0.0,0.067,0.067,0.067,0.133,20.0,14.0,4.08,1.489,285.0,3.0,1.0,401.0,464.0,35.0,133.0,240.0,https://www.baseball-reference.com/leagues/majors/2020-free-agents.shtml
34,Andrew Romine,2021-03-29,Chicago Cubs,TEX,35,-0.4,10,583.0,1202.0,150.0,283.0,10.0,81.0,40.0,82.0,0.235,0.291,0.301,0.592,0.0,0.0,12.71,2.647,7.0,0.0,0.0,5.2,10.0,3.0,5.0,1.0,https://www.baseball-reference.com/leagues/majors/2020-free-agents.shtml
35,Tony Watson,2021-03-29,Los Angeles Angels,SFG,36,2.5,10,570.0,7.0,0.0,1.0,0.0,0.0,0.0,0.0,0.143,0.143,0.143,0.286,40.0,25.0,2.8,1.09,627.0,0.0,32.0,591.0,488.0,59.0,156.0,526.0,https://www.baseball-reference.com/leagues/majors/2020-free-agents.shtml
36,Robinson Chirinos,2021-03-28,New York Yankees,NYM,37,4.9,9,602.0,1832.0,252.0,423.0,86.0,269.0,4.0,203.0,0.231,0.325,0.431,0.755,,,,,,,,,,,,,https://www.baseball-reference.com/leagues/majors/2020-free-agents.shtml
37,Deolis Guerra,2021-03-27,Oakland Athletics,PHI,32,-0.5,5,14.0,1.0,0.0,0.0,0.0,0.0,0.0,0.0,0.0,0.0,0.0,0.0,8.0,5.0,4.81,1.32,83.0,0.0,0.0,103.0,112.0,19.0,24.0,83.0,https://www.baseball-reference.com/leagues/majors/2020-free-agents.shtml
38,Bryan Holaday,2021-03-27,Arizona Diamondbacks,BAL,33,0.0,9,288.0,702.0,70.0,167.0,10.0,78.0,1.0,41.0,0.238,0.283,0.333,0.617,0.0,0.0,6.75,1.5,5.0,0.0,0.0,4.0,6.0,1.0,0.0,1.0,https://www.baseball-reference.com/leagues/majors/2020-free-agents.shtml
39,Jordan Zimmermann,2021-03-27,Milwaukee Brewers,DET,35,0.7,12,177.0,334.0,18.0,56.0,1.0,15.0,0.0,10.0,0.168,0.191,0.195,0.385,95.0,91.0,4.06,1.249,277.0,275.0,0.0,1608.1,1665.0,194.0,344.0,1271.0,https://www.baseball-reference.com/leagues/majors/2020-free-agents.shtml
40,Wade LeBlanc,2021-03-26,Baltimore Orioles,BAL,36,2.1,12,150.0,120.0,6.0,30.0,0.0,3.0,0.0,4.0,0.25,0.28,0.258,0.538,46.0,47.0,4.55,1.345,240.0,120.0,3.0,882.1,921.0,142.0,266.0,642.0,https://www.baseball-reference.com/leagues/majors/2020-free-agents.shtml
41,Heath Hembree,2021-03-22,Cincinnati Reds,PHI,32,0.1,8,22.0,1.0,0.0,0.0,0.0,0.0,0.0,0.0,0.0,0.0,0.0,0.0,16.0,5.0,3.9,1.383,271.0,0.0,2.0,274.2,276.0,48.0,104.0,292.0,https://www.baseball-reference.com/leagues/majors/2020-free-agents.shtml
42,Kyle Lobstein,2021-03-22,Washington Nationals,LAD,31,,3,13.0,2.0,0.0,0.0,0.0,0.0,0.0,0.0,0.0,0.0,0.0,0.0,6.0,10.0,5.06,1.461,34.0,17.0,0.0,128.0,138.0,12.0,49.0,74.0,https://www.baseball-reference.com/leagues/majors/2020-free-agents.shtml
43,Andrew Kittredge,2021-03-19,Tampa Bay Rays,TBR,31,-0.6,4,6.0,1.0,0.0,0.0,0.0,0.0,0.0,0.0,0.0,0.0,0.0,0.0,4.0,3.0,4.93,1.464,93.0,11.0,1.0,111.1,126.0,16.0,37.0,105.0,https://www.baseball-reference.com/leagues/majors/2020-free-agents.shtml
44,Maikel Franco,2021-03-16,Baltimore Orioles,KCR,28,1.1,7,716.0,2561.0,302.0,645.0,110.0,381.0,4.0,189.0,0.252,0.304,0.433,0.737,,,,,,,,,,,,,https://www.baseball-reference.com/leagues/majors/2020-free-agents.shtml
45,Billy Hamilton,2021-03-16,Chicago White Sox,CHC,30,1.0,8,840.0,2839.0,416.0,684.0,22.0,178.0,305.0,224.0,0.241,0.296,0.325,0.621,,,,,,,,,,,,,https://www.baseball-reference.com/leagues/majors/2020-free-agents.shtml
46,Chasen Bradford,2021-03-15,Atlanta Braves,SEA,31,0.7,3,,,,,,,,,,,,,,,,,,,,,,,,,https://www.baseball-reference.com/leagues/majors/2020-free-agents.shtml
47,Trevor Cahill,2021-03-12,Pittsburgh Pirates,SFG,33,1.9,12,180.0,182.0,7.0,22.0,0.0,12.0,0.0,5.0,0.121,0.144,0.148,0.293,85.0,94.0,4.2,1.364,352.0,225.0,1.0,1470.2,1405.0,166.0,601.0,1119.0,https://www.baseball-reference.com/leagues/majors/2020-free-agents.shtml
48,Mike Freeman,2021-03-12,Cincinnati Reds,CLE,33,1.1,5,156.0,297.0,39.0,69.0,5.0,29.0,1.0,33.0,0.232,0.315,0.33,0.645,0.0,0.0,9.0,1.667,2.0,0.0,0.0,3.0,5.0,1.0,0.0,0.0,https://www.baseball-reference.com/leagues/majors/2020-free-agents.shtml
49,Jackie Bradley Jr.,2021-03-08,Milwaukee Brewers,BOS,31,6.6,8,873.0,2899.0,435.0,692.0,98.0,376.0,60.0,304.0,0.239,0.321,0.412,0.732,,,,,,,,,,,,,https://www.baseball-reference.com/leagues/majors/2020-free-agents.shtml
50,Jake Odorizzi,2021-03-08,Houston Astros,MIN,31,4.8,9,15.0,23.0,0.0,2.0,0.0,3.0,0.0,1.0,0.087,0.125,0.087,0.212,62.0,56.0,3.92,1.24,195.0,192.0,1.0,1042.1,934.0,141.0,358.0,995.0,https://www.baseball-reference.com/leagues/majors/2020-free-agents.shtml
51,Danny Santana,2021-03-07,Boston Red Sox,TEX,30,1.8,7,509.0,1624.0,239.0,422.0,42.0,188.0,71.0,80.0,0.26,0.299,0.418,0.717,,,,,,,,,,,,,https://www.baseball-reference.com/leagues/majors/2020-free-agents.shtml
52,José Álvarez,2021-03-06,San Francisco Giants,PHI,32,2.8,8,80.0,2.0,0.0,0.0,0.0,0.0,0.0,1.0,0.0,0.333,0.0,0.333,15.0,22.0,3.59,1.336,359.0,7.0,3.0,340.2,346.0,34.0,109.0,303.0,https://www.baseball-reference.com/leagues/majors/2020-free-agents.shtml
53,Jarrod Dyson,2021-03-05,Kansas City Royals,CHW,36,0.9,11,890.0,2378.0,370.0,584.0,21.0,175.0,256.0,232.0,0.246,0.316,0.334,0.651,,,,,,,,,,,,,https://www.baseball-reference.com/leagues/majors/2020-free-agents.shtml
54,Eric Sogard,2021-03-05,Chicago Cubs,MIL,35,2.1,10,737.0,2067.0,251.0,509.0,25.0,175.0,43.0,198.0,0.246,0.316,0.34,0.655,,,,,,,,,,,,,https://www.baseball-reference.com/leagues/majors/2020-free-agents.shtml
55,Gio Gonzalez,2021-03-04,Miami Marlins,CHW,35,2.8,13,221.0,410.0,16.0,37.0,3.0,17.0,0.0,9.0,0.09,0.118,0.129,0.247,131.0,101.0,3.7,1.324,344.0,328.0,0.0,1933.0,1744.0,171.0,815.0,1860.0,https://www.baseball-reference.com/leagues/majors/2020-free-agents.shtml
56,Ryan Tepera,2021-03-02,Chicago Cubs,CHC,33,1.5,6,15.0,1.0,0.0,0.0,0.0,0.0,0.0,0.0,0.0,0.0,0.0,0.0,12.0,12.0,3.66,1.178,237.0,1.0,10.0,236.0,189.0,32.0,89.0,234.0,https://www.baseball-reference.com/leagues/majors/2020-free-agents.shtml
57,Ryan Meisinger,2021-03-01,Chicago Cubs,STL,27,0.0,2,1.0,0.0,0.0,0.0,0.0,0.0,0.0,0.0,,,,,2.0,1.0,5.7,1.394,20.0,1.0,0.0,23.2,19.0,6.0,14.0,24.0,https://www.baseball-reference.com/leagues/majors/2020-free-agents.shtml
58,Pedro Strop,2021-02-27,Chicago Cubs,CHC,36,1.6,12,398.0,4.0,0.0,0.0,0.0,0.0,0.0,0.0,0.0,0.0,0.0,0.0,28.0,30.0,3.22,1.167,559.0,0.0,32.0,503.2,358.0,34.0,230.0,551.0,https://www.baseball-reference.com/leagues/majors/2020-free-agents.shtml
59,Tyler Clippard,2021-02-26,Arizona Diamondbacks,MIN,36,3.0,14,475.0,15.0,0.0,3.0,0.0,0.0,0.0,0.0,0.2,0.2,0.267,0.467,55.0,47.0,3.13,1.1,777.0,14.0,68.0,842.0,597.0,108.0,329.0,931.0,https://www.baseball-reference.com/leagues/majors/2020-free-agents.shtml
60,Jeremy Jeffress,2021-02-26,Washington Nationals,CHC,33,4.2,11,290.0,3.0,0.0,0.0,0.0,0.0,0.0,0.0,0.0,0.0,0.0,0.0,32.0,12.0,3.08,1.324,414.0,1.0,52.0,424.1,387.0,31.0,175.0,387.0,https://www.baseball-reference.com/leagues/majors/2020-free-agents.shtml
61,Andrés Machado,2021-02-26,Washington Nationals,KCR,28,,1,0.0,0.0,0.0,0.0,0.0,0.0,0.0,0.0,,,,,0.0,0.0,22.09,3.545,2.0,0.0,0.0,3.2,10.0,2.0,3.0,1.0,https://www.baseball-reference.com/leagues/majors/2020-free-agents.shtml
62,Ryan Goins,2021-02-25,Atlanta Braves,CHW,33,0.0,8,555.0,1545.0,154.0,353.0,22.0,158.0,6.0,108.0,0.228,0.278,0.333,0.611,,,,,,,,,,,,,https://www.baseball-reference.com/leagues/majors/2020-free-agents.shtml
63,Mikie Mahtook,2021-02-25,Chicago White Sox,PHI,31,0.0,5,,,,,,,,,,,,,,,,,,,,,,,,,https://www.baseball-reference.com/leagues/majors/2020-free-agents.shtml
64,Cameron Maybin,2021-02-25,Chicago Cubs,CHC,34,2.1,14,1153.0,3796.0,554.0,972.0,72.0,354.0,186.0,365.0,0.256,0.324,0.376,0.7,,,,,,,,,,,,,https://www.baseball-reference.com/leagues/majors/2020-free-agents.shtml
65,Tommy Milone,2021-02-25,Toronto Blue Jays,ATL,34,0.8,10,36.0,45.0,4.0,7.0,1.0,7.0,0.0,3.0,0.156,0.208,0.222,0.431,51.0,51.0,4.56,1.327,183.0,145.0,2.0,913.2,994.0,154.0,218.0,688.0,https://www.baseball-reference.com/leagues/majors/2020-free-agents.shtml
66,Marwin González,2021-02-24,Boston Red Sox,MIN,32,4.6,9,962.0,3066.0,370.0,799.0,96.0,369.0,38.0,227.0,0.261,0.317,0.413,0.729,,,,,,,,,,,,,https://www.baseball-reference.com/leagues/majors/2020-free-agents.shtml
67,Caleb Joseph,2021-02-24,New York Mets,TOR,35,0.4,7,425.0,1263.0,133.0,281.0,32.0,127.0,2.0,73.0,0.222,0.27,0.351,0.621,,,,,,,,,,,,,https://www.baseball-reference.com/leagues/majors/2020-free-agents.shtml
68,Ian Kennedy,2021-02-23,Texas Rangers,KCR,36,1.8,14,191.0,321.0,21.0,42.0,1.0,18.0,0.0,33.0,0.131,0.213,0.181,0.394,97.0,105.0,4.13,1.285,369.0,290.0,30.0,1781.1,1688.0,253.0,601.0,1648.0,https://www.baseball-reference.com/leagues/majors/2020-free-agents.shtml
69,Jake Lamb,2021-02-23,Atlanta Braves,ARI,30,0.0,7,609.0,2017.0,290.0,483.0,84.0,312.0,18.0,259.0,0.239,0.329,0.435,0.764,,,,,,,,,,,,,https://www.baseball-reference.com/leagues/majors/2020-free-agents.shtml
70,Justin Miller,2021-02-23,Washington Nationals,CIN,34,0.8,5,133.0,4.0,0.0,0.0,0.0,0.0,0.0,0.0,0.0,0.0,0.0,0.0,13.0,5.0,4.43,1.26,150.0,0.0,3.0,156.1,143.0,25.0,54.0,159.0,https://www.baseball-reference.com/leagues/majors/2020-free-agents.shtml
71,Mitch Moreland,2021-02-23,Oakland Athletics,SDP,35,4.2,11,1179.0,3842.0,499.0,968.0,176.0,588.0,11.0,367.0,0.252,0.32,0.448,0.767,0.0,0.0,0.0,1.0,2.0,0.0,0.0,2.0,2.0,0.0,0.0,1.0,https://www.baseball-reference.com/leagues/majors/2020-free-agents.shtml
72,Travis Shaw,2021-02-23,Milwaukee Brewers,TOR,31,3.3,6,642.0,2135.0,290.0,519.0,105.0,327.0,20.0,251.0,0.243,0.325,0.448,0.773,,,,,,,,,,,,,https://www.baseball-reference.com/leagues/majors/2020-free-agents.shtml
73,Julio Teheran,2021-02-23,Detroit Tigers,LAA,30,4.0,10,223.0,382.0,10.0,56.0,1.0,26.0,0.0,9.0,0.147,0.169,0.17,0.339,77.0,77.0,3.81,1.223,239.0,235.0,0.0,1391.1,1228.0,188.0,474.0,1204.0,https://www.baseball-reference.com/leagues/majors/2020-free-agents.shtml
74,Justin Wilson,2021-02-23,New York Yankees,NYM,33,2.0,9,271.0,7.0,0.0,0.0,0.0,0.0,0.0,0.0,0.0,0.0,0.0,0.0,32.0,22.0,3.27,1.279,480.0,0.0,18.0,429.1,355.0,32.0,194.0,474.0,https://www.baseball-reference.com/leagues/majors/2020-free-agents.shtml
75,Asdrúbal Cabrera,2021-02-22,Arizona Diamondbacks,WSN,35,2.2,14,1712.0,6323.0,852.0,1692.0,188.0,827.0,90.0,553.0,0.268,0.33,0.426,0.756,,,,,,,,,,,,,https://www.baseball-reference.com/leagues/majors/2020-free-agents.shtml
76,Brett Gardner,2021-02-22,New York Yankees,NYY,37,8.3,13,1548.0,5350.0,896.0,1384.0,129.0,539.0,270.0,639.0,0.259,0.343,0.401,0.743,,,,,,,,,,,,,https://www.baseball-reference.com/leagues/majors/2020-free-agents.shtml
77,Collin McHugh,2021-02-22,Tampa Bay Rays,BOS,34,2.2,8,30.0,28.0,1.0,2.0,0.0,0.0,0.0,0.0,0.071,0.071,0.071,0.143,58.0,43.0,3.95,1.253,210.0,119.0,0.0,800.2,771.0,93.0,232.0,771.0,https://www.baseball-reference.com/leagues/majors/2020-free-agents.shtml
78,Chaz Roe,2021-02-22,Tampa Bay Rays,TBR,34,0.8,8,61.0,1.0,0.0,0.0,0.0,0.0,0.0,0.0,0.0,0.0,0.0,0.0,11.0,8.0,3.82,1.338,244.0,0.0,3.0,216.2,188.0,19.0,102.0,243.0,https://www.baseball-reference.com/leagues/majors/2020-free-agents.shtml
79,Trevor Rosenthal,2021-02-22,Oakland Athletics,SDP,31,-0.2,8,325.0,4.0,0.0,0.0,0.0,0.0,0.0,0.0,0.0,0.0,0.0,0.0,12.0,25.0,3.36,1.321,373.0,0.0,132.0,364.0,304.0,19.0,177.0,490.0,https://www.baseball-reference.com/leagues/majors/2020-free-agents.shtml
80,Kevin Pillar,2021-02-21,New York Mets,COL,32,3.5,8,905.0,3270.0,419.0,858.0,82.0,344.0,88.0,142.0,0.262,0.299,0.408,0.707,,,,,,,,,,,,,https://www.baseball-reference.com/leagues/majors/2020-free-agents.shtml
81,Jake Marisnick,2021-02-20,Chicago Cubs,NYM,30,3.4,8,701.0,1724.0,247.0,395.0,56.0,183.0,73.0,101.0,0.229,0.281,0.385,0.666,,,,,,,,,,,,,https://www.baseball-reference.com/leagues/majors/2020-free-agents.shtml
82,Taijuan Walker,2021-02-20,New York Mets,TOR,28,1.5,8,33.0,65.0,6.0,13.0,1.0,6.0,0.0,1.0,0.2,0.212,0.277,0.489,35.0,34.0,3.84,1.246,108.0,105.0,0.0,581.2,541.0,80.0,184.0,528.0,https://www.baseball-reference.com/leagues/majors/2020-free-agents.shtml
83,Ken Giles,2021-02-19,Seattle Mariners,TOR,30,2.0,7,125.0,0.0,0.0,0.0,0.0,0.0,0.0,0.0,,,,,14.0,18.0,2.74,1.117,357.0,0.0,115.0,351.0,282.0,28.0,110.0,478.0,https://www.baseball-reference.com/leagues/majors/2020-free-agents.shtml
84,Ryan Lavarnway,2021-02-19,Cleveland Indians,MIA,33,0.4,9,156.0,419.0,35.0,90.0,9.0,50.0,0.0,31.0,0.215,0.272,0.344,0.616,,,,,,,,,,,,,https://www.baseball-reference.com/leagues/majors/2020-free-agents.shtml
85,Yusmeiro Petit,2021-02-19,Oakland Athletics,OAK,36,5.1,13,199.0,119.0,6.0,6.0,0.0,3.0,0.0,3.0,0.05,0.074,0.05,0.124,42.0,41.0,3.93,1.159,437.0,59.0,6.0,826.0,764.0,125.0,193.0,730.0,https://www.baseball-reference.com/leagues/majors/2020-free-agents.shtml
86,Justin Turner,2021-02-19,Los Angeles Dodgers,LAD,36,10.2,12,1114.0,3521.0,504.0,1029.0,124.0,495.0,35.0,351.0,0.292,0.369,0.469,0.838,,,,,,,,,,,,,https://www.baseball-reference.com/leagues/majors/2020-free-agents.shtml
87,Brad Boxberger,2021-02-18,Milwaukee Brewers,MIA,33,-0.3,9,117.0,3.0,0.0,0.0,0.0,0.0,0.0,0.0,0.0,0.0,0.0,0.0,22.0,30.0,3.56,1.31,343.0,0.0,77.0,329.0,261.0,46.0,170.0,413.0,https://www.baseball-reference.com/leagues/majors/2020-free-agents.shtml
88,Terrance Gore,2021-02-18,Atlanta Braves,LAD,30,0.4,7,102.0,67.0,32.0,15.0,0.0,1.0,40.0,7.0,0.224,0.325,0.284,0.608,,,,,,,,,,,,,https://www.baseball-reference.com/leagues/majors/2020-free-agents.shtml
89,Keone Kela,2021-02-18,San Diego Padres,PIT,28,2.7,6,55.0,0.0,0.0,0.0,0.0,0.0,0.0,0.0,,,,,21.0,11.0,3.24,1.122,231.0,0.0,28.0,216.2,160.0,23.0,83.0,266.0,https://www.baseball-reference.com/leagues/majors/2020-free-agents.shtml
90,Mark Melancon,2021-02-18,San Diego Padres,ATL,36,2.2,12,505.0,0.0,0.0,0.0,0.0,0.0,0.0,1.0,,1.0,,,30.0,27.0,2.85,1.132,606.0,0.0,205.0,606.0,540.0,35.0,146.0,549.0,https://www.baseball-reference.com/leagues/majors/2020-free-agents.shtml
91,Tyler Naquin,2021-02-18,Cincinnati Reds,CLE,30,1.7,5,325.0,939.0,127.0,257.0,31.0,121.0,11.0,63.0,0.274,0.323,0.443,0.766,,,,,,,,,,,,,https://www.baseball-reference.com/leagues/majors/2020-free-agents.shtml
92,James Paxton,2021-02-18,Seattle Mariners,NYY,32,4.9,8,8.0,12.0,1.0,0.0,0.0,1.0,0.0,2.0,0.0,0.143,0.0,0.143,57.0,33.0,3.58,1.213,136.0,136.0,0.0,753.1,684.0,81.0,230.0,829.0,https://www.baseball-reference.com/leagues/majors/2020-free-agents.shtml
93,Óliver Pérez,2021-02-18,Cleveland Indians,CLE,39,2.2,18,430.0,344.0,14.0,56.0,0.0,15.0,3.0,14.0,0.163,0.194,0.169,0.363,73.0,92.0,4.35,1.429,691.0,195.0,5.0,1458.0,1323.0,197.0,760.0,1541.0,https://www.baseball-reference.com/leagues/majors/2020-free-agents.shtml
94,Sergio Romo,2021-02-18,Oakland Athletics,MIN,38,0.9,13,569.0,7.0,0.0,0.0,0.0,0.0,0.0,0.0,0.0,0.0,0.0,0.0,41.0,34.0,2.95,1.02,732.0,5.0,134.0,643.0,504.0,69.0,152.0,715.0,https://www.baseball-reference.com/leagues/majors/2020-free-agents.shtml
95,Matt Shoemaker,2021-02-18,Minnesota Twins,TOR,34,2.0,8,4.0,6.0,0.0,0.0,0.0,0.0,0.0,1.0,0.0,0.143,0.0,0.143,43.0,33.0,3.86,1.182,112.0,104.0,0.0,602.1,565.0,85.0,147.0,540.0,https://www.baseball-reference.com/leagues/majors/2020-free-agents.shtml
96,Brandon Workman,2021-02-18,Chicago Cubs,PHI,32,3.7,6,16.0,3.0,0.0,0.0,0.0,0.0,0.0,0.0,0.0,0.0,0.0,0.0,25.0,20.0,3.89,1.326,209.0,18.0,25.0,301.0,263.0,34.0,136.0,318.0,https://www.baseball-reference.com/leagues/majors/2020-free-agents.shtml
97,Tyler Anderson,2021-02-17,Pittsburgh Pirates,SFG,31,1.9,5,74.0,118.0,10.0,11.0,1.0,4.0,0.0,8.0,0.093,0.157,0.119,0.276,22.0,27.0,4.65,1.34,86.0,82.0,0.0,456.2,463.0,71.0,149.0,408.0,https://www.baseball-reference.com/leagues/majors/2020-free-agents.shtml
98,Jake Arrieta,2021-02-17,Chicago Cubs,PHI,35,4.0,11,175.0,359.0,22.0,60.0,6.0,27.0,0.0,14.0,0.167,0.198,0.256,0.455,110.0,79.0,3.76,1.22,261.0,255.0,0.0,1513.2,1319.0,157.0,527.0,1350.0,https://www.baseball-reference.com/leagues/majors/2020-free-agents.shtml
99,Matt Davidson,2021-02-17,Los Angeles Dodgers,CIN,30,0.4,5,293.0,969.0,106.0,216.0,52.0,154.0,0.0,85.0,0.223,0.292,0.433,0.726,0.0,0.0,2.84,1.263,6.0,0.0,0.0,6.1,5.0,1.0,3.0,3.0,https://www.baseball-reference.com/leagues/majors/2020-free-agents.shtml
100,Oliver Drake,2021-02-17,Tampa Bay Rays,TBR,34,1.0,6,77.0,2.0,0.0,1.0,0.0,1.0,0.0,0.0,0.5,0.5,0.5,1.0,10.0,10.0,4.27,1.312,196.0,0.0,5.0,204.1,185.0,24.0,83.0,228.0,https://www.baseball-reference.com/leagues/majors/2020-free-agents.shtml
101,Adam Duvall,2021-02-17,Miami Marlins,ATL,32,2.4,7,598.0,1970.0,276.0,459.0,113.0,329.0,13.0,148.0,0.233,0.293,0.468,0.761,,,,,,,,,,,,,https://www.baseball-reference.com/leagues/majors/2020-free-agents.shtml
102,Matt Harvey,2021-02-17,Baltimore Orioles,KCR,32,-0.2,8,129.0,250.0,8.0,27.0,1.0,14.0,0.0,4.0,0.108,0.122,0.148,0.27,44.0,52.0,4.14,1.247,152.0,144.0,0.0,838.2,809.0,105.0,237.0,772.0,https://www.baseball-reference.com/leagues/majors/2020-free-agents.shtml
103,Rich Hill,2021-02-17,Tampa Bay Rays,MIN,41,3.4,16,134.0,232.0,4.0,26.0,0.0,13.0,0.0,3.0,0.112,0.13,0.134,0.264,67.0,44.0,3.79,1.222,292.0,164.0,0.0,976.0,803.0,115.0,390.0,1035.0,https://www.baseball-reference.com/leagues/majors/2020-free-agents.shtml
104,Jay Jackson,2021-02-17,San Francisco Giants,CIN,33,0.2,2,33.0,2.0,0.0,0.0,0.0,0.0,0.0,0.0,0.0,0.0,0.0,0.0,1.0,0.0,4.67,1.385,34.0,0.0,0.0,34.2,29.0,6.0,19.0,51.0,https://www.baseball-reference.com/leagues/majors/2020-free-agents.shtml
105,Jake McGee,2021-02-17,San Francisco Giants,LAD,34,-0.3,11,234.0,0.0,0.0,0.0,0.0,0.0,0.0,0.0,,,,,28.0,23.0,3.59,1.154,546.0,0.0,45.0,475.2,415.0,57.0,134.0,530.0,https://www.baseball-reference.com/leagues/majors/2020-free-agents.shtml
106,Brad Miller,2021-02-17,Philadelphia Phillies,STL,31,2.5,8,807.0,2523.0,316.0,606.0,95.0,318.0,36.0,277.0,0.24,0.316,0.421,0.737,,,,,,,,,,,,,https://www.baseball-reference.com/leagues/majors/2020-free-agents.shtml
107,Nick Tropeano,2021-02-17,San Francisco Giants,NYM,30,0.4,6,2.0,3.0,0.0,0.0,0.0,0.0,0.0,1.0,0.0,0.25,0.0,0.25,13.0,14.0,4.29,1.373,49.0,39.0,0.0,233.0,229.0,39.0,91.0,212.0,https://www.baseball-reference.com/leagues/majors/2020-free-agents.shtml
108,Cam Bedrosian,2021-02-16,Cincinnati Reds,LAA,29,1.7,7,21.0,0.0,0.0,0.0,0.0,0.0,0.0,0.0,,,,,17.0,13.0,3.7,1.336,285.0,7.0,9.0,277.2,255.0,25.0,116.0,290.0,https://www.baseball-reference.com/leagues/majors/2020-free-agents.shtml
109,C.J. Cron,2021-02-16,Colorado Rockies,DET,31,4.1,7,686.0,2367.0,283.0,609.0,118.0,373.0,9.0,148.0,0.257,0.312,0.464,0.776,,,,,,,,,,,,,https://www.baseball-reference.com/leagues/majors/2020-free-agents.shtml
110,Mike Fiers,2021-02-16,Oakland Athletics,OAK,36,8.4,10,68.0,86.0,1.0,7.0,0.0,2.0,0.0,0.0,0.081,0.081,0.081,0.163,75.0,62.0,4.04,1.261,216.0,197.0,0.0,1141.2,1104.0,180.0,336.0,990.0,https://www.baseball-reference.com/leagues/majors/2020-free-agents.shtml
111,Blake Parker,2021-02-16,Cleveland Indians,PHI,36,2.1,8,102.0,1.0,0.0,0.0,0.0,0.0,0.0,0.0,0.0,0.0,0.0,0.0,14.0,10.0,3.52,1.183,303.0,3.0,34.0,301.2,258.0,45.0,99.0,346.0,https://www.baseball-reference.com/leagues/majors/2020-free-agents.shtml
112,Jay Bruce,2021-02-12,New York Yankees,PHI,34,0.0,13,1640.0,5930.0,836.0,1451.0,318.0,948.0,65.0,595.0,0.245,0.314,0.469,0.783,,,,,,,,,,,,,https://www.baseball-reference.com/leagues/majors/2020-free-agents.shtml
113,Alex Colomé,2021-02-12,Minnesota Twins,CHW,32,2.9,8,21.0,2.0,0.0,0.0,0.0,0.0,0.0,0.0,0.0,0.0,0.0,0.0,28.0,23.0,2.95,1.177,326.0,19.0,138.0,424.0,359.0,36.0,140.0,385.0,https://www.baseball-reference.com/leagues/majors/2020-free-agents.shtml
114,Chris Herrmann,2021-02-12,Boston Red Sox,SFG,33,0.2,8,,,,,,,,,,,,,,,,,,,,,,,,,https://www.baseball-reference.com/leagues/majors/2020-free-agents.shtml
115,John Hicks,2021-02-12,Texas Rangers,ARI,31,-0.4,5,254.0,814.0,91.0,191.0,28.0,90.0,4.0,49.0,0.235,0.28,0.391,0.67,,,,,,,,,,,,,https://www.baseball-reference.com/leagues/majors/2020-free-agents.shtml
116,Brock Holt,2021-02-12,Texas Rangers,WSN,33,2.2,9,675.0,2132.0,295.0,572.0,23.0,211.0,36.0,210.0,0.268,0.337,0.369,0.707,0.0,0.0,13.5,3.75,2.0,0.0,0.0,1.1,5.0,1.0,0.0,0.0,https://www.baseball-reference.com/leagues/majors/2020-free-agents.shtml
117,Travis Jankowski,2021-02-12,Philadelphia Phillies,CIN,30,0.9,6,350.0,884.0,124.0,210.0,8.0,42.0,64.0,96.0,0.238,0.315,0.313,0.628,,,,,,,,,,,,,https://www.baseball-reference.com/leagues/majors/2020-free-agents.shtml
118,Joey Krehbiel,2021-02-12,Tampa Bay Rays,MIN,28,0.1,1,2.0,0.0,0.0,0.0,0.0,0.0,0.0,0.0,,,,,0.0,0.0,0.0,1.0,2.0,0.0,0.0,3.0,1.0,0.0,2.0,0.0,https://www.baseball-reference.com/leagues/majors/2020-free-agents.shtml
119,Robinson Leyer,2021-02-12,Minnesota Twins,BOS,28,-0.7,1,0.0,0.0,0.0,0.0,0.0,0.0,0.0,0.0,,,,,0.0,0.0,21.21,4.286,6.0,1.0,0.0,4.2,12.0,3.0,8.0,9.0,https://www.baseball-reference.com/leagues/majors/2020-free-agents.shtml
120,José Lobatón,2021-02-12,Chicago Cubs,CHC,36,-0.5,9,413.0,1134.0,109.0,244.0,21.0,107.0,0.0,121.0,0.215,0.293,0.319,0.612,,,,,,,,,,,,,https://www.baseball-reference.com/leagues/majors/2020-free-agents.shtml
121,Nomar Mazara,2021-02-12,Detroit Tigers,CHW,26,1.3,5,579.0,2124.0,266.0,549.0,80.0,323.0,7.0,172.0,0.258,0.318,0.426,0.744,,,,,,,,,,,,,https://www.baseball-reference.com/leagues/majors/2020-free-agents.shtml
122,Shelby Miller,2021-02-12,Chicago Cubs,MIL,30,-2.0,8,129.0,202.0,16.0,22.0,1.0,7.0,0.0,12.0,0.109,0.166,0.183,0.349,38.0,56.0,4.11,1.36,150.0,132.0,0.0,758.1,733.0,83.0,298.0,622.0,https://www.baseball-reference.com/leagues/majors/2020-free-agents.shtml
123,Brian Moran,2021-02-12,Tampa Bay Rays,MIA,32,0.0,2,10.0,0.0,0.0,0.0,0.0,0.0,0.0,0.0,,,,,2.0,0.0,6.55,1.818,17.0,0.0,0.0,11.0,12.0,2.0,8.0,17.0,https://www.baseball-reference.com/leagues/majors/2020-free-agents.shtml
124,Adam Morgan,2021-02-12,Chicago Cubs,PHI,31,0.9,6,173.0,60.0,3.0,6.0,0.0,2.0,0.0,2.0,0.1,0.129,0.133,0.262,13.0,27.0,4.84,1.35,199.0,36.0,1.0,344.1,363.0,59.0,102.0,302.0,https://www.baseball-reference.com/leagues/majors/2020-free-agents.shtml
125,Joe Panik,2021-02-12,Toronto Blue Jays,TOR,30,-1.2,7,723.0,2542.0,323.0,684.0,39.0,240.0,20.0,239.0,0.269,0.334,0.38,0.714,,,,,,,,,,,,,https://www.baseball-reference.com/leagues/majors/2020-free-agents.shtml
126,Martín Pérez,2021-02-12,Boston Red Sox,BOS,30,0.8,9,14.0,23.0,1.0,1.0,0.0,0.0,0.0,0.0,0.043,0.043,0.043,0.087,56.0,61.0,4.71,1.477,185.0,169.0,0.0,988.2,1095.0,112.0,365.0,643.0,https://www.baseball-reference.com/leagues/majors/2020-free-agents.shtml
127,Trevor Bauer,2021-02-11,Los Angeles Dodgers,CIN,30,10.4,9,26.0,43.0,2.0,4.0,0.0,0.0,0.0,3.0,0.093,0.152,0.093,0.245,75.0,64.0,3.9,1.265,205.0,195.0,1.0,1190.0,1051.0,141.0,454.0,1279.0,https://www.baseball-reference.com/leagues/majors/2020-free-agents.shtml
128,Chris Devenski,2021-02-11,Arizona Diamondbacks,HOU,30,-0.4,5,17.0,1.0,0.0,0.0,0.0,0.0,0.0,0.0,0.0,0.0,0.0,0.0,16.0,16.0,3.35,1.068,225.0,7.0,7.0,309.0,247.0,38.0,83.0,332.0,https://www.baseball-reference.com/leagues/majors/2020-free-agents.shtml
129,Phil Gosselin,2021-02-11,Los Angeles Angels,PHI,32,-0.7,8,359.0,689.0,91.0,180.0,10.0,54.0,7.0,49.0,0.261,0.314,0.361,0.675,,,,,,,,,,,,,https://www.baseball-reference.com/leagues/majors/2020-free-agents.shtml
130,Jon Jay,2021-02-11,Los Angeles Angels,ARI,36,-0.7,11,1196.0,3824.0,530.0,1082.0,37.0,340.0,55.0,285.0,0.283,0.348,0.373,0.721,,,,,,,,,,,,,https://www.baseball-reference.com/leagues/majors/2020-free-agents.shtml
131,Jonathan Lucroy,2021-02-11,Chicago White Sox,BOS,35,-1.8,11,1203.0,4121.0,481.0,1128.0,108.0,545.0,30.0,366.0,0.274,0.335,0.416,0.751,,,,,,,,,,,,,https://www.baseball-reference.com/leagues/majors/2020-free-agents.shtml
132,David Phelps,2021-02-11,Toronto Blue Jays,PHI,34,0.6,8,157.0,52.0,0.0,6.0,0.0,1.0,0.0,0.0,0.115,0.132,0.115,0.247,34.0,38.0,3.95,1.319,291.0,65.0,6.0,608.2,565.0,69.0,238.0,587.0,https://www.baseball-reference.com/leagues/majors/2020-free-agents.shtml
133,Jonathan Villar,2021-02-11,New York Mets,TOR,30,7.2,8,831.0,2874.0,394.0,744.0,80.0,283.0,218.0,283.0,0.259,0.327,0.4,0.727,,,,,,,,,,,,,https://www.baseball-reference.com/leagues/majors/2020-free-agents.shtml
134,Albert Almora,2021-02-10,New York Mets,CHC,27,1.3,5,489.0,1224.0,160.0,332.0,28.0,134.0,4.0,67.0,0.271,0.309,0.398,0.707,,,,,,,,,,,,,https://www.baseball-reference.com/leagues/majors/2020-free-agents.shtml
135,Mike Foltynewicz,2021-02-10,Texas Rangers,ATL,29,4.2,7,115.0,199.0,8.0,14.0,0.0,9.0,0.0,1.0,0.07,0.075,0.085,0.16,44.0,42.0,4.33,1.328,138.0,118.0,0.0,686.0,672.0,101.0,239.0,655.0,https://www.baseball-reference.com/leagues/majors/2020-free-agents.shtml
136,Didi Gregorius,2021-02-10,Philadelphia Phillies,PHI,31,6.5,9,911.0,3311.0,451.0,877.0,120.0,457.0,33.0,216.0,0.265,0.315,0.433,0.748,,,,,,,,,,,,,https://www.baseball-reference.com/leagues/majors/2020-free-agents.shtml
137,Matt Joyce,2021-02-10,Philadelphia Phillies,MIA,36,0.3,13,1357.0,3663.0,531.0,893.0,147.0,496.0,35.0,547.0,0.244,0.343,0.428,0.772,,,,,,,,,,,,,https://www.baseball-reference.com/leagues/majors/2020-free-agents.shtml
138,Brandon Kintzler,2021-02-10,Philadelphia Phillies,MIA,36,2.9,11,322.0,3.0,0.0,0.0,0.0,0.0,0.0,0.0,0.0,0.0,0.0,0.0,22.0,23.0,3.31,1.25,454.0,0.0,61.0,448.2,440.0,40.0,121.0,313.0,https://www.baseball-reference.com/leagues/majors/2020-free-agents.shtml
139,Jed Lowrie,2021-02-10,Oakland Athletics,NYM,37,3.8,12,1118.0,3991.0,521.0,1043.0,104.0,509.0,7.0,439.0,0.261,0.335,0.413,0.748,,,,,,,,,,,,,https://www.baseball-reference.com/leagues/majors/2020-free-agents.shtml
140,Renato Núñez,2021-02-10,Detroit Tigers,BAL,27,2.4,5,293.0,1002.0,130.0,248.0,52.0,147.0,1.0,81.0,0.248,0.313,0.451,0.764,,,,,,,,,,,,,https://www.baseball-reference.com/leagues/majors/2020-free-agents.shtml
141,Darren O'Day,2021-02-10,New York Yankees,ATL,38,1.2,13,44.0,1.0,0.0,0.0,0.0,0.0,0.0,0.0,0.0,0.0,0.0,0.0,40.0,19.0,2.51,1.02,604.0,0.0,21.0,576.2,430.0,59.0,158.0,600.0,https://www.baseball-reference.com/leagues/majors/2020-free-agents.shtml
142,Chris Archer,2021-02-09,Tampa Bay Rays,PIT,32,1.6,8,46.0,80.0,4.0,8.0,0.0,3.0,0.0,4.0,0.1,0.143,0.113,0.255,60.0,80.0,3.86,1.253,212.0,210.0,0.0,1235.0,1127.0,150.0,420.0,1349.0,https://www.baseball-reference.com/leagues/majors/2020-free-agents.shtml
143,Steve Cishek,2021-02-09,Houston Astros,CHW,35,3.4,11,445.0,9.0,1.0,1.0,0.0,0.0,0.0,0.0,0.111,0.111,0.111,0.222,32.0,37.0,2.78,1.163,594.0,0.0,132.0,576.0,450.0,41.0,220.0,605.0,https://www.baseball-reference.com/leagues/majors/2020-free-agents.shtml
144,Taylor Guerrieri,2021-02-09,Seattle Mariners,TEX,28,0.2,2,,,,,,,,,,,,,,,,,,,,,,,,,https://www.baseball-reference.com/leagues/majors/2020-free-agents.shtml
145,Nate Jones,2021-02-09,Atlanta Braves,CIN,35,0.3,9,21.0,0.0,0.0,0.0,0.0,0.0,0.0,0.0,,,,,22.0,14.0,3.31,1.245,305.0,0.0,9.0,310.0,270.0,33.0,116.0,341.0,https://www.baseball-reference.com/leagues/majors/2020-free-agents.shtml
146,Yadier Molina,2021-02-09,St. Louis Cardinals,STL,38,3.1,17,2025.0,7115.0,713.0,2001.0,160.0,932.0,66.0,513.0,0.281,0.333,0.404,0.737,,,,,,,,,,,,,https://www.baseball-reference.com/leagues/majors/2020-free-agents.shtml
147,Chase Anderson,2021-02-08,Philadelphia Phillies,TOR,33,2.2,7,160.0,264.0,6.0,25.0,0.0,10.0,0.0,4.0,0.095,0.115,0.102,0.217,54.0,42.0,4.06,1.275,176.0,167.0,0.0,890.2,845.0,140.0,291.0,759.0,https://www.baseball-reference.com/leagues/majors/2020-free-agents.shtml
148,Sean Doolittle,2021-02-08,Cincinnati Reds,WSN,34,3.1,9,145.0,4.0,0.0,0.0,0.0,0.0,0.0,0.0,0.0,0.0,0.0,0.0,23.0,23.0,3.07,0.968,401.0,0.0,111.0,395.2,303.0,41.0,80.0,463.0,https://www.baseball-reference.com/leagues/majors/2020-free-agents.shtml
149,Pedro Payano,2021-02-08,Detroit Tigers,NYM,26,-0.1,1,,,,,,,,,,,,,,,,,,,,,,,,,https://www.baseball-reference.com/leagues/majors/2020-free-agents.shtml
150,Chasen Shreve,2021-02-07,Pittsburgh Pirates,NYM,30,0.3,7,46.0,3.0,0.0,0.0,0.0,0.0,0.0,1.0,0.0,0.25,0.0,0.25,17.0,8.0,3.74,1.351,235.0,0.0,2.0,228.2,195.0,41.0,114.0,268.0,https://www.baseball-reference.com/leagues/majors/2020-free-agents.shtml
151,Ryder Jones,2021-02-06,Arizona Diamondbacks,BOS,27,0.2,3,,,,,,,,,,,,,,,,,,,,,,,,,https://www.baseball-reference.com/leagues/majors/2020-free-agents.shtml
152,Zach Lee,2021-02-06,Arizona Diamondbacks,OAK,29,,5,,,,,,,,,,,,,,,,,,,,,,,,,https://www.baseball-reference.com/leagues/majors/2020-free-agents.shtml
153,Joakim Soria,2021-02-06,Arizona Diamondbacks,OAK,37,1.8,13,95.0,0.0,0.0,0.0,0.0,0.0,0.0,0.0,,,,,35.0,41.0,3.01,1.12,732.0,1.0,223.0,725.2,594.0,61.0,219.0,791.0,https://www.baseball-reference.com/leagues/majors/2020-free-agents.shtml
154,Hanser Alberto,2021-02-05,Kansas City Royals,BAL,28,3.7,5,282.0,925.0,111.0,257.0,15.0,82.0,9.0,25.0,0.278,0.3,0.377,0.678,0.0,0.0,18.0,3.0,1.0,0.0,0.0,1.0,1.0,1.0,2.0,0.0,https://www.baseball-reference.com/leagues/majors/2020-free-agents.shtml
155,Andrew Chafin,2021-02-05,Chicago Cubs,CHC,31,1.4,7,305.0,5.0,0.0,1.0,0.0,1.0,0.0,0.0,0.2,0.2,0.2,0.4,10.0,13.0,3.67,1.314,341.0,3.0,3.0,274.2,243.0,17.0,118.0,291.0,https://www.baseball-reference.com/leagues/majors/2020-free-agents.shtml
156,Nelson Cruz,2021-02-05,Minnesota Twins,MIN,40,9.1,16,1742.0,6397.0,952.0,1777.0,417.0,1152.0,76.0,632.0,0.278,0.347,0.529,0.876,,,,,,,,,,,,,https://www.baseball-reference.com/leagues/majors/2020-free-agents.shtml
157,Marcell Ozuna,2021-02-05,Atlanta Braves,ATL,30,7.5,8,991.0,3764.0,505.0,1040.0,166.0,594.0,26.0,329.0,0.276,0.335,0.466,0.801,,,,,,,,,,,,,https://www.baseball-reference.com/leagues/majors/2020-free-agents.shtml
158,Joc Pederson,2021-02-05,Chicago Cubs,LAD,29,4.5,7,748.0,2153.0,345.0,496.0,130.0,303.0,17.0,304.0,0.23,0.336,0.47,0.806,,,,,,,,,,,,,https://www.baseball-reference.com/leagues/majors/2020-free-agents.shtml
159,Jonathan Schoop,2021-02-05,Detroit Tigers,DET,29,4.9,8,846.0,3079.0,409.0,796.0,141.0,415.0,8.0,126.0,0.259,0.297,0.45,0.747,,,,,,,,,,,,,https://www.baseball-reference.com/leagues/majors/2020-free-agents.shtml
160,Chandler Shepherd,2021-02-05,Minnesota Twins,BAL,28,-0.1,1,,,,,,,,,,,,,,,,,,,,,,,,,https://www.baseball-reference.com/leagues/majors/2020-free-agents.shtml
161,Trevor Williams,2021-02-05,Chicago Cubs,PIT,29,3.4,5,88.0,121.0,7.0,13.0,0.0,5.0,0.0,8.0,0.107,0.163,0.107,0.27,31.0,37.0,4.43,1.337,106.0,94.0,0.0,534.2,538.0,75.0,177.0,416.0,https://www.baseball-reference.com/leagues/majors/2020-free-agents.shtml
162,Kolten Wong,2021-02-05,Milwaukee Brewers,STL,30,9.8,8,852.0,2697.0,351.0,703.0,53.0,281.0,88.0,233.0,0.261,0.333,0.384,0.717,,,,,,,,,,,,,https://www.baseball-reference.com/leagues/majors/2020-free-agents.shtml
163,Humberto Arteaga,2021-02-04,Washington Nationals,KCR,27,-0.7,1,41.0,122.0,11.0,24.0,0.0,4.0,1.0,8.0,0.197,0.258,0.23,0.487,,,,,,,,,,,,,https://www.baseball-reference.com/leagues/majors/2020-free-agents.shtml
164,Tommy La Stella,2021-02-04,San Francisco Giants,OAK,32,2.8,7,531.0,1316.0,164.0,360.0,31.0,163.0,5.0,143.0,0.274,0.349,0.405,0.754,,,,,,,,,,,,,https://www.baseball-reference.com/leagues/majors/2020-free-agents.shtml
165,Zack Littell,2021-02-04,San Francisco Giants,MIN,25,0.2,3,2.0,0.0,0.0,0.0,0.0,0.0,0.0,0.0,,,,,6.0,2.0,4.52,1.476,43.0,2.0,0.0,63.2,71.0,12.0,23.0,49.0,https://www.baseball-reference.com/leagues/majors/2020-free-agents.shtml
166,Eddie Rosario,2021-02-04,Cleveland Indians,MIN,29,7.2,6,697.0,2661.0,400.0,738.0,119.0,388.0,39.0,133.0,0.277,0.31,0.478,0.788,,,,,,,,,,,,,https://www.baseball-reference.com/leagues/majors/2020-free-agents.shtml
167,Nick Vincent,2021-02-04,Texas Rangers,MIA,34,1.0,9,199.0,5.0,0.0,0.0,0.0,0.0,0.0,0.0,0.0,0.0,0.0,0.0,22.0,23.0,3.38,1.143,405.0,2.0,7.0,399.0,356.0,42.0,100.0,396.0,https://www.baseball-reference.com/leagues/majors/2020-free-agents.shtml
168,Alex Avila,2021-02-03,Washington Nationals,MIN,34,1.7,12,1018.0,2971.0,347.0,697.0,104.0,388.0,8.0,509.0,0.235,0.348,0.394,0.742,,,,,,,,,,,,,https://www.baseball-reference.com/leagues/majors/2020-free-agents.shtml
169,Nicky Delmonico,2021-02-03,Cincinnati Reds,CHW,28,-1.7,4,158.0,508.0,62.0,114.0,18.0,57.0,3.0,56.0,0.224,0.312,0.384,0.696,,,,,,,,,,,,,https://www.baseball-reference.com/leagues/majors/2020-free-agents.shtml
170,Garrett Richards,2021-02-03,Boston Red Sox,SDP,33,1.0,10,12.0,15.0,0.0,0.0,0.0,0.0,0.0,0.0,0.0,0.0,0.0,0.0,47.0,41.0,3.62,1.255,187.0,128.0,2.0,804.2,719.0,71.0,291.0,702.0,https://www.baseball-reference.com/leagues/majors/2020-free-agents.shtml
171,Bryan Shaw,2021-02-03,Cleveland Indians,SEA,33,-1.7,10,241.0,0.0,0.0,0.0,0.0,0.0,0.0,0.0,,,,,31.0,36.0,3.82,1.318,612.0,0.0,12.0,579.0,549.0,59.0,214.0,514.0,https://www.baseball-reference.com/leagues/majors/2020-free-agents.shtml
172,Keon Broxton,2021-02-02,Minnesota Twins,MIL,31,1.1,5,,,,,,,,,,,,,,,,,,,,,,,,,https://www.baseball-reference.com/leagues/majors/2020-free-agents.shtml
173,Junior Guerra,2021-02-02,Los Angeles Angels,ARI,36,2.0,6,134.0,89.0,4.0,13.0,0.0,0.0,0.0,0.0,0.146,0.146,0.202,0.348,26.0,23.0,3.77,1.29,172.0,60.0,3.0,444.1,380.0,60.0,193.0,404.0,https://www.baseball-reference.com/leagues/majors/2020-free-agents.shtml
174,Blaine Hardy,2021-02-02,Milwaukee Brewers,MIN,34,2.6,6,13.0,1.0,0.0,0.0,0.0,0.0,0.0,0.0,0.0,0.0,0.0,0.0,14.0,10.0,3.73,1.329,233.0,13.0,1.0,289.2,283.0,32.0,102.0,229.0,https://www.baseball-reference.com/leagues/majors/2020-free-agents.shtml
175,Enrique Hernández,2021-02-02,Boston Red Sox,LAD,29,5.9,7,690.0,1791.0,252.0,430.0,71.0,227.0,12.0,184.0,0.24,0.313,0.425,0.738,0.0,1.0,81.0,9.0,1.0,0.0,0.0,0.1,1.0,1.0,2.0,0.0,https://www.baseball-reference.com/leagues/majors/2020-free-agents.shtml
176,Carlos Pérez,2021-02-02,Oakland Athletics,OAK,30,-0.8,4,212.0,618.0,47.0,133.0,11.0,58.0,4.0,34.0,0.215,0.257,0.319,0.576,,,,,,,,,,,,,https://www.baseball-reference.com/leagues/majors/2020-free-agents.shtml
177,Hunter Strickland,2021-02-02,Tampa Bay Rays,NYM,32,-0.7,7,266.0,1.0,0.0,0.0,0.0,0.0,0.0,0.0,0.0,0.0,0.0,0.0,16.0,16.0,3.23,1.206,285.0,0.0,21.0,253.2,218.0,23.0,88.0,233.0,https://www.baseball-reference.com/leagues/majors/2020-free-agents.shtml
178,Asher Wojciechowski,2021-02-02,New York Yankees,BAL,32,1.1,4,24.0,15.0,0.0,1.0,0.0,0.0,0.0,0.0,0.067,0.067,0.067,0.133,9.0,15.0,5.95,1.455,57.0,34.0,0.0,198.0,219.0,44.0,69.0,191.0,https://www.baseball-reference.com/leagues/majors/2020-free-agents.shtml
179,Delino DeShields,2021-02-01,Texas Rangers,CLE,28,2.5,6,576.0,1781.0,298.0,438.0,18.0,133.0,109.0,202.0,0.246,0.326,0.34,0.666,,,,,,,,,,,,,https://www.baseball-reference.com/leagues/majors/2020-free-agents.shtml
180,Sam Gaviglio,2021-02-01,Texas Rangers,TOR,31,0.8,4,6.0,8.0,1.0,2.0,0.0,0.0,0.0,0.0,0.25,0.25,0.375,0.625,11.0,18.0,4.88,1.331,98.0,37.0,0.0,296.2,304.0,55.0,91.0,243.0,https://www.baseball-reference.com/leagues/majors/2020-free-agents.shtml
181,Carlos Rodón,2021-02-01,Chicago White Sox,CHW,28,1.7,6,6.0,10.0,0.0,2.0,0.0,2.0,0.0,0.0,0.2,0.2,0.3,0.5,29.0,33.0,4.14,1.379,97.0,92.0,0.0,536.2,509.0,66.0,231.0,525.0,https://www.baseball-reference.com/leagues/majors/2020-free-agents.shtml
182,Jaime Schultz,2021-02-01,Seattle Mariners,OAK,30,-0.3,2,,,,,,,,,,,,,,,,,,,,,,,,,https://www.baseball-reference.com/leagues/majors/2020-free-agents.shtml
183,Steven Souza Jr.,2021-02-01,Houston Astros,CHC,32,-0.5,6,482.0,1617.0,221.0,375.0,71.0,203.0,42.0,196.0,0.232,0.322,0.416,0.737,,,,,,,,,,,,,https://www.baseball-reference.com/leagues/majors/2020-free-agents.shtml
184,Andrelton Simmons,2021-01-31,Minnesota Twins,LAA,31,7.5,9,1060.0,3954.0,456.0,1064.0,67.0,406.0,67.0,265.0,0.269,0.317,0.379,0.696,,,,,,,,,,,,,https://www.baseball-reference.com/leagues/majors/2020-free-agents.shtml
185,Aaron Loup,2021-01-30,New York Mets,TBR,33,0.8,9,33.0,1.0,0.0,0.0,0.0,0.0,0.0,0.0,0.0,0.0,0.0,0.0,15.0,22.0,3.38,1.236,406.0,0.0,6.0,351.0,330.0,28.0,104.0,326.0,https://www.baseball-reference.com/leagues/majors/2020-free-agents.shtml
186,Marcus Semien,2021-01-30,Toronto Blue Jays,OAK,30,13.0,8,858.0,3266.0,467.0,830.0,115.0,380.0,66.0,326.0,0.254,0.322,0.425,0.747,,,,,,,,,,,,,https://www.baseball-reference.com/leagues/majors/2020-free-agents.shtml
187,César Hernández,2021-01-29,Cleveland Indians,CLE,31,5.8,8,890.0,3148.0,442.0,873.0,49.0,273.0,80.0,349.0,0.277,0.352,0.383,0.736,,,,,,,,,,,,,https://www.baseball-reference.com/leagues/majors/2020-free-agents.shtml
188,Wilson Ramos,2021-01-29,Detroit Tigers,NYM,33,4.9,11,946.0,3341.0,347.0,915.0,128.0,514.0,1.0,236.0,0.274,0.321,0.434,0.755,,,,,,,,,,,,,https://www.baseball-reference.com/leagues/majors/2020-free-agents.shtml
189,J.T. Realmuto,2021-01-29,Philadelphia Phillies,PHI,30,10.3,7,732.0,2699.0,380.0,749.0,95.0,358.0,44.0,179.0,0.278,0.328,0.455,0.783,,,,,,,,,,,,,https://www.baseball-reference.com/leagues/majors/2020-free-agents.shtml
190,Adam Wainwright,2021-01-29,St. Louis Cardinals,STL,39,2.6,15,391.0,685.0,54.0,136.0,10.0,71.0,0.0,24.0,0.199,0.225,0.302,0.527,167.0,98.0,3.38,1.225,393.0,326.0,3.0,2169.1,2066.0,176.0,591.0,1830.0,https://www.baseball-reference.com/leagues/majors/2020-free-agents.shtml
191,Kohl Stewart,2021-01-28,Chicago Cubs,BAL,26,0.5,2,0.0,0.0,0.0,0.0,0.0,0.0,0.0,0.0,,,,,4.0,3.0,4.79,1.435,17.0,6.0,0.0,62.0,63.0,6.0,26.0,34.0,https://www.baseball-reference.com/leagues/majors/2020-free-agents.shtml
192,Anthony Bass,2021-01-27,Miami Marlins,TOR,33,1.7,9,92.0,38.0,3.0,4.0,0.0,6.0,1.0,0.0,0.105,0.105,0.158,0.263,9.0,16.0,4.32,1.324,217.0,18.0,15.0,373.0,358.0,37.0,136.0,266.0,https://www.baseball-reference.com/leagues/majors/2020-free-agents.shtml
193,Corey Kluber,2021-01-27,New York Yankees,TEX,35,5.6,10,15.0,26.0,2.0,3.0,0.0,0.0,0.0,1.0,0.115,0.148,0.154,0.302,98.0,58.0,3.16,1.086,209.0,204.0,0.0,1342.2,1165.0,132.0,293.0,1462.0,https://www.baseball-reference.com/leagues/majors/2020-free-agents.shtml
194,DJ LeMahieu,2021-01-27,New York Yankees,NYY,32,11.5,10,1150.0,4242.0,651.0,1294.0,85.0,478.0,83.0,342.0,0.305,0.357,0.43,0.787,,,,,,,,,,,,,https://www.baseball-reference.com/leagues/majors/2020-free-agents.shtml
195,Jon Lester,2021-01-27,Washington Nationals,CHC,37,3.7,15,165.0,318.0,24.0,34.0,3.0,28.0,1.0,19.0,0.107,0.156,0.16,0.317,193.0,111.0,3.6,1.265,424.0,423.0,0.0,2598.2,2451.0,269.0,837.0,2397.0,https://www.baseball-reference.com/leagues/majors/2020-free-agents.shtml
196,Jurickson Profar,2021-01-27,San Diego Padres,SDP,28,2.8,7,547.0,1796.0,250.0,428.0,59.0,222.0,31.0,182.0,0.238,0.318,0.397,0.715,,,,,,,,,,,,,https://www.baseball-reference.com/leagues/majors/2020-free-agents.shtml
197,Ehire Adrianza,2021-01-26,Atlanta Braves,MIN,31,1.1,8,465.0,1079.0,143.0,263.0,16.0,114.0,18.0,94.0,0.244,0.31,0.36,0.67,0.0,0.0,18.0,3.0,2.0,0.0,0.0,2.0,6.0,1.0,0.0,1.0,https://www.baseball-reference.com/leagues/majors/2020-free-agents.shtml
198,Freddy Galvis,2021-01-26,Baltimore Orioles,CIN,31,5.1,9,998.0,3565.0,383.0,880.0,95.0,386.0,56.0,214.0,0.247,0.291,0.385,0.677,,,,,,,,,,,,,https://www.baseball-reference.com/leagues/majors/2020-free-agents.shtml
199,Brad Hand,2021-01-26,Washington Nationals,CLE,31,2.8,10,269.0,72.0,2.0,5.0,0.0,4.0,0.0,0.0,0.069,0.069,0.069,0.139,26.0,43.0,3.65,1.235,396.0,43.0,105.0,608.2,526.0,63.0,226.0,624.0,https://www.baseball-reference.com/leagues/majors/2020-free-agents.shtml
200,Michael Brantley,2021-01-25,Houston Astros,HOU,34,10.4,12,1245.0,4800.0,655.0,1425.0,114.0,640.0,123.0,419.0,0.297,0.354,0.44,0.794,,,,,,,,,,,,,https://www.baseball-reference.com/leagues/majors/2020-free-agents.shtml
201,Derek Holland,2021-01-25,Detroit Tigers,PIT,34,0.0,12,94.0,82.0,3.0,6.0,0.0,0.0,0.0,4.0,0.073,0.116,0.085,0.202,79.0,81.0,4.61,1.373,307.0,227.0,0.0,1416.1,1431.0,214.0,513.0,1190.0,https://www.baseball-reference.com/leagues/majors/2020-free-agents.shtml
202,Pablo Sandoval,2021-01-23,Atlanta Braves,SFG,34,1.0,13,1311.0,4536.0,537.0,1266.0,149.0,628.0,12.0,346.0,0.279,0.331,0.445,0.775,,,,,,,,,,,,,https://www.baseball-reference.com/leagues/majors/2020-free-agents.shtml
203,George Springer,2021-01-23,Toronto Blue Jays,HOU,31,11.5,7,795.0,3087.0,567.0,832.0,174.0,458.0,48.0,396.0,0.27,0.361,0.491,0.852,,,,,,,,,,,,,https://www.baseball-reference.com/leagues/majors/2020-free-agents.shtml
204,Ryan Zimmerman,2021-01-23,Washington Nationals,WSN,36,2.1,15,1689.0,6399.0,936.0,1784.0,270.0,1015.0,43.0,630.0,0.279,0.343,0.475,0.818,,,,,,,,,,,,,https://www.baseball-reference.com/leagues/majors/2020-free-agents.shtml
205,Jason Castro,2021-01-22,Houston Astros,SDP,34,0.3,10,852.0,2754.0,340.0,634.0,88.0,301.0,5.0,314.0,0.23,0.312,0.39,0.702,,,,,,,,,,,,,https://www.baseball-reference.com/leagues/majors/2020-free-agents.shtml
206,J.A. Happ,2021-01-22,Minnesota Twins,NYY,38,5.5,14,132.0,197.0,13.0,20.0,1.0,6.0,0.0,10.0,0.102,0.145,0.127,0.272,123.0,92.0,3.98,1.301,324.0,298.0,0.0,1741.1,1645.0,231.0,620.0,1539.0,https://www.baseball-reference.com/leagues/majors/2020-free-agents.shtml
207,Jose Quintana,2021-01-22,Los Angeles Angels,CHC,32,1.5,9,88.0,155.0,4.0,11.0,0.0,7.0,0.0,2.0,0.071,0.082,0.077,0.16,83.0,77.0,3.73,1.266,254.0,247.0,0.0,1495.0,1470.0,154.0,422.0,1310.0,https://www.baseball-reference.com/leagues/majors/2020-free-agents.shtml
208,Daniel Robertson,2021-01-22,Milwaukee Brewers,SFG,27,2.8,4,249.0,728.0,95.0,170.0,16.0,74.0,5.0,99.0,0.234,0.342,0.352,0.694,0.0,0.0,0.0,0.5,2.0,0.0,0.0,2.0,1.0,0.0,0.0,0.0,https://www.baseball-reference.com/leagues/majors/2020-free-agents.shtml
209,Austin Romine,2021-01-22,Chicago Cubs,DET,32,1.8,9,405.0,1163.0,126.0,278.0,27.0,152.0,4.0,63.0,0.239,0.278,0.361,0.639,,,,,,,,,,,,,https://www.baseball-reference.com/leagues/majors/2020-free-agents.shtml
210,Tyler Chatwood,2021-01-21,Toronto Blue Jays,CHC,31,0.9,9,178.0,204.0,17.0,42.0,0.0,17.0,0.0,8.0,0.206,0.236,0.24,0.476,51.0,57.0,4.4,1.514,197.0,143.0,4.0,846.2,841.0,86.0,441.0,622.0,https://www.baseball-reference.com/leagues/majors/2020-free-agents.shtml
211,Wade Davis,2021-01-20,Kansas City Royals,COL,35,-1.4,12,192.0,8.0,0.0,2.0,0.0,0.0,0.0,0.0,0.25,0.25,0.25,0.5,63.0,52.0,3.81,1.288,517.0,88.0,139.0,947.2,851.0,96.0,370.0,891.0,https://www.baseball-reference.com/leagues/majors/2020-free-agents.shtml
212,Chris Owings,2021-01-20,Colorado Rockies,COL,29,-1.6,8,663.0,2181.0,247.0,526.0,36.0,215.0,76.0,126.0,0.241,0.285,0.367,0.652,0.0,0.0,21.6,4.2,1.0,0.0,0.0,1.2,6.0,2.0,1.0,0.0,https://www.baseball-reference.com/leagues/majors/2020-free-agents.shtml
213,Kirby Yates,2021-01-20,Toronto Blue Jays,SDP,34,4.7,7,182.0,2.0,0.0,0.0,0.0,0.0,0.0,0.0,0.0,0.0,0.0,0.0,12.0,17.0,3.54,1.148,291.0,0.0,57.0,282.1,230.0,40.0,94.0,400.0,https://www.baseball-reference.com/leagues/majors/2020-free-agents.shtml
214,Erasmo Ramírez,2021-01-19,Detroit Tigers,NYM,31,0.1,9,14.0,14.0,0.0,2.0,0.0,1.0,0.0,0.0,0.143,0.143,0.143,0.286,32.0,39.0,4.31,1.246,199.0,92.0,4.0,655.0,630.0,100.0,186.0,506.0,https://www.baseball-reference.com/leagues/majors/2020-free-agents.shtml
215,Hunter Wood,2021-01-19,Texas Rangers,CLE,27,0.7,3,7.0,0.0,0.0,0.0,0.0,0.0,0.0,0.0,,,,,2.0,2.0,3.32,1.362,66.0,10.0,1.0,86.2,88.0,11.0,30.0,81.0,https://www.baseball-reference.com/leagues/majors/2020-free-agents.shtml
216,Archie Bradley,2021-01-18,Philadelphia Phillies,CIN,28,1.8,6,225.0,62.0,2.0,6.0,0.0,5.0,0.0,0.0,0.097,0.095,0.097,0.192,23.0,25.0,3.91,1.359,255.0,35.0,28.0,412.0,391.0,38.0,169.0,425.0,https://www.baseball-reference.com/leagues/majors/2020-free-agents.shtml
217,Ryan Buchter,2021-01-18,Arizona Diamondbacks,LAA,34,1.4,6,110.0,0.0,0.0,0.0,0.0,0.0,0.0,0.0,,,,,17.0,4.0,2.9,1.177,267.0,0.0,2.0,220.0,157.0,28.0,102.0,243.0,https://www.baseball-reference.com/leagues/majors/2020-free-agents.shtml
218,Welington Castillo,2021-01-18,Washington Nationals,WSN,34,0.2,10,,,,,,,,,,,,,,,,,,,,,,,,,https://www.baseball-reference.com/leagues/majors/2020-free-agents.shtml
219,Thomas Eshelman,2021-01-18,Baltimore Orioles,BAL,27,0.2,2,1.0,2.0,0.0,0.0,0.0,0.0,0.0,0.0,0.0,0.0,0.0,0.0,4.0,3.0,5.22,1.429,22.0,8.0,0.0,70.2,81.0,19.0,20.0,38.0,https://www.baseball-reference.com/leagues/majors/2020-free-agents.shtml
220,Zac Grotz,2021-01-18,Boston Red Sox,SEA,28,-0.5,2,2.0,0.0,0.0,0.0,0.0,0.0,0.0,0.0,,,,,1.0,0.0,7.3,1.784,19.0,0.0,0.0,24.2,25.0,4.0,19.0,22.0,https://www.baseball-reference.com/leagues/majors/2020-free-agents.shtml
221,Nick Williams,2021-01-18,Chicago White Sox,CIN,27,-1.7,3,290.0,826.0,107.0,210.0,31.0,110.0,4.0,56.0,0.254,0.313,0.42,0.733,,,,,,,,,,,,,https://www.baseball-reference.com/leagues/majors/2020-free-agents.shtml
222,Pedro Báez,2021-01-15,Houston Astros,LAD,33,1.2,7,313.0,6.0,0.0,0.0,0.0,1.0,0.0,1.0,0.0,0.143,0.0,0.143,21.0,15.0,3.03,1.096,355.0,0.0,3.0,356.0,270.0,39.0,120.0,369.0,https://www.baseball-reference.com/leagues/majors/2020-free-agents.shtml
223,Wilmer Difo,2021-01-15,Pittsburgh Pirates,WSN,29,-1.3,6,373.0,954.0,133.0,236.0,15.0,79.0,23.0,86.0,0.247,0.309,0.348,0.657,,,,,,,,,,,,,https://www.baseball-reference.com/leagues/majors/2020-free-agents.shtml
224,Liam Hendriks,2021-01-15,Chicago White Sox,OAK,32,5.3,10,22.0,2.0,0.0,0.0,0.0,0.0,0.0,1.0,0.0,0.333,0.0,0.333,19.0,27.0,4.1,1.278,344.0,44.0,40.0,516.1,525.0,58.0,135.0,526.0,https://www.baseball-reference.com/leagues/majors/2020-free-agents.shtml
225,Kurt Suzuki,2021-01-15,Los Angeles Angels,WSN,37,2.8,14,1512.0,5205.0,567.0,1347.0,133.0,699.0,20.0,360.0,0.259,0.316,0.392,0.708,,,,,,,,,,,,,https://www.baseball-reference.com/leagues/majors/2020-free-agents.shtml
226,José Martínez,2021-01-14,New York Mets,CHC,32,0.9,5,432.0,1244.0,170.0,360.0,43.0,182.0,7.0,128.0,0.289,0.356,0.447,0.803,,,,,,,,,,,,,https://www.baseball-reference.com/leagues/majors/2020-free-agents.shtml
227,Alex Wood,2021-01-14,San Francisco Giants,LAD,30,0.4,8,169.0,238.0,8.0,23.0,0.0,12.0,1.0,9.0,0.097,0.13,0.105,0.235,53.0,44.0,3.45,1.232,188.0,138.0,0.0,851.2,805.0,81.0,244.0,783.0,https://www.baseball-reference.com/leagues/majors/2020-free-agents.shtml
228,Justin Anderson,2021-01-13,Texas Rangers,LAA,28,0.3,2,11.0,0.0,0.0,0.0,0.0,0.0,0.0,0.0,,,,,6.0,3.0,4.75,1.524,111.0,0.0,5.0,102.1,84.0,9.0,72.0,127.0,https://www.baseball-reference.com/leagues/majors/2020-free-agents.shtml
229,Drew Butera,2021-01-13,Texas Rangers,COL,37,-1.3,11,541.0,1305.0,122.0,259.0,19.0,118.0,0.0,88.0,0.198,0.255,0.294,0.55,0.0,0.0,7.5,2.0,7.0,0.0,0.0,6.0,8.0,1.0,4.0,5.0,https://www.baseball-reference.com/leagues/majors/2020-free-agents.shtml
230,Jace Peterson,2021-01-13,Milwaukee Brewers,MIL,31,-0.1,7,534.0,1472.0,159.0,334.0,22.0,142.0,40.0,189.0,0.227,0.317,0.331,0.648,0.0,0.0,36.0,6.0,1.0,0.0,0.0,1.0,6.0,1.0,0.0,1.0,https://www.baseball-reference.com/leagues/majors/2020-free-agents.shtml
231,A.J. Cole,2021-01-12,Toronto Blue Jays,TOR,29,0.2,6,27.0,26.0,1.0,3.0,1.0,1.0,0.0,2.0,0.115,0.179,0.231,0.409,14.0,10.0,4.65,1.459,103.0,19.0,3.0,197.1,207.0,38.0,81.0,201.0,https://www.baseball-reference.com/leagues/majors/2020-free-agents.shtml
232,Kyle Schwarber,2021-01-09,Washington Nationals,CHC,28,4.2,6,551.0,1806.0,295.0,416.0,121.0,279.0,11.0,274.0,0.23,0.336,0.48,0.816,,,,,,,,,,,,,https://www.baseball-reference.com/leagues/majors/2020-free-agents.shtml
233,Mike Kickham,2021-01-08,Los Angeles Dodgers,BOS,32,-0.2,3,12.0,6.0,0.0,1.0,0.0,0.0,0.0,0.0,0.167,0.167,0.333,0.5,1.0,4.0,9.95,2.053,20.0,5.0,0.0,44.1,75.0,15.0,16.0,47.0,https://www.baseball-reference.com/leagues/majors/2020-free-agents.shtml
234,Paul Sewald,2021-01-08,Seattle Mariners,NYM,31,-1.3,4,117.0,8.0,0.0,0.0,0.0,0.0,0.0,0.0,0.0,0.0,0.0,0.0,1.0,14.0,5.5,1.364,125.0,0.0,3.0,147.1,150.0,20.0,51.0,151.0,https://www.baseball-reference.com/leagues/majors/2020-free-agents.shtml
235,Miguel Del Pozo,2021-01-07,Detroit Tigers,PIT,28,-1.1,2,0.0,0.0,0.0,0.0,0.0,0.0,0.0,0.0,,,,,1.0,1.0,12.46,2.538,22.0,0.0,0.0,13.0,17.0,3.0,16.0,13.0,https://www.baseball-reference.com/leagues/majors/2020-free-agents.shtml
236,Pablo Reyes,2021-01-07,Milwaukee Brewers,PIT,27,-0.6,2,89.0,201.0,27.0,46.0,5.0,26.0,1.0,18.0,0.229,0.295,0.368,0.664,,,,,,,,,,,,,https://www.baseball-reference.com/leagues/majors/2020-free-agents.shtml
237,Ryne Stanek,2021-01-07,Houston Astros,MIA,29,1.6,4,29.0,0.0,0.0,0.0,0.0,0.0,0.0,0.0,,,,,2.0,7.0,4.0,1.321,152.0,56.0,1.0,173.1,143.0,28.0,86.0,210.0,https://www.baseball-reference.com/leagues/majors/2020-free-agents.shtml
238,Sócrates Brito,2021-01-06,New York Yankees,PIT,28,-1.1,5,,,,,,,,,,,,,,,,,,,,,,,,,https://www.baseball-reference.com/leagues/majors/2020-free-agents.shtml
239,Drew Anderson,2021-01-05,Texas Rangers,CHW,27,-0.4,4,8.0,4.0,0.0,0.0,0.0,0.0,0.0,0.0,0.0,0.0,0.0,0.0,0.0,2.0,9.67,1.97,10.0,1.0,0.0,22.1,33.0,3.0,11.0,21.0,https://www.baseball-reference.com/leagues/majors/2020-free-agents.shtml
240,Chase De Jong,2021-01-05,Pittsburgh Pirates,HOU,27,-0.6,4,1.0,0.0,0.0,0.0,0.0,0.0,0.0,0.0,,,,,1.0,5.0,7.12,1.656,15.0,10.0,0.0,54.1,64.0,11.0,26.0,35.0,https://www.baseball-reference.com/leagues/majors/2020-free-agents.shtml
241,Brandon Drury,2021-01-05,New York Mets,TOR,28,-2.0,6,456.0,1503.0,154.0,372.0,47.0,176.0,2.0,95.0,0.248,0.296,0.411,0.707,,,,,,,,,,,,,https://www.baseball-reference.com/leagues/majors/2020-free-agents.shtml
242,Seth Frankoff,2021-01-05,Arizona Diamondbacks,SEA,32,-0.4,2,1.0,0.0,0.0,0.0,0.0,0.0,0.0,0.0,,,,,0.0,1.0,13.5,2.571,3.0,0.0,0.0,4.2,10.0,1.0,2.0,2.0,https://www.baseball-reference.com/leagues/majors/2020-free-agents.shtml
243,Robbie Grossman,2021-01-05,Detroit Tigers,OAK,31,3.9,8,726.0,2362.0,319.0,596.0,50.0,254.0,37.0,345.0,0.252,0.35,0.38,0.73,,,,,,,,,,,,,https://www.baseball-reference.com/leagues/majors/2020-free-agents.shtml
244,Blake Treinen,2021-01-05,Los Angeles Dodgers,LAD,33,4.0,7,186.0,14.0,0.0,1.0,0.0,0.0,0.0,1.0,0.071,0.133,0.071,0.205,29.0,25.0,3.02,1.278,372.0,7.0,72.0,425.2,377.0,28.0,167.0,413.0,https://www.baseball-reference.com/leagues/majors/2020-free-agents.shtml
245,Andrew Velazquez,2021-01-05,New York Yankees,BAL,26,0.3,3,68.0,96.0,17.0,15.0,0.0,3.0,6.0,12.0,0.156,0.257,0.219,0.476,,,,,,,,,,,,,https://www.baseball-reference.com/leagues/majors/2020-free-agents.shtml
246,Patrick Wisdom,2021-01-05,Chicago Cubs,CHC,29,0.2,3,43.0,78.0,12.0,17.0,4.0,11.0,2.0,7.0,0.218,0.299,0.397,0.696,,,,,,,,,,,,,https://www.baseball-reference.com/leagues/majors/2020-free-agents.shtml
247,Luis Avilán,2021-01-04,Washington Nationals,NYY,31,0.6,9,367.0,7.0,0.0,1.0,0.0,0.0,0.0,0.0,0.143,0.143,0.143,0.286,23.0,10.0,3.3,1.258,454.0,0.0,2.0,349.0,302.0,22.0,137.0,315.0,https://www.baseball-reference.com/leagues/majors/2020-free-agents.shtml
248,Curt Casali,2021-01-04,San Francisco Giants,CIN,32,2.5,7,328.0,831.0,97.0,191.0,37.0,105.0,2.0,95.0,0.23,0.316,0.413,0.728,,,,,,,,,,,,,https://www.baseball-reference.com/leagues/majors/2020-free-agents.shtml
249,Nestor Cortes,2021-01-04,New York Yankees,SEA,26,-1.1,3,2.0,0.0,0.0,0.0,0.0,0.0,0.0,0.0,,,,,5.0,2.0,6.72,1.709,42.0,2.0,0.0,79.0,97.0,24.0,38.0,80.0,https://www.baseball-reference.com/leagues/majors/2020-free-agents.shtml
250,Erick Mejia,2021-01-04,Kansas City Royals,KCR,26,-0.5,2,17.0,36.0,4.0,6.0,0.0,4.0,1.0,4.0,0.167,0.244,0.222,0.466,,,,,,,,,,,,,https://www.baseball-reference.com/leagues/majors/2020-free-agents.shtml
251,Luis Perdomo,2021-01-04,Milwaukee Brewers,SDP,28,-0.4,5,113.0,99.0,4.0,13.0,0.0,6.0,0.0,2.0,0.131,0.155,0.232,0.388,20.0,31.0,5.19,1.517,133.0,61.0,0.0,444.1,513.0,53.0,161.0,333.0,https://www.baseball-reference.com/leagues/majors/2020-free-agents.shtml
252,Ronald Torreyes,2021-01-04,Philadelphia Phillies,PHI,28,-0.1,6,240.0,599.0,69.0,166.0,4.0,57.0,5.0,24.0,0.277,0.306,0.369,0.675,,,,,,,,,,,,,https://www.baseball-reference.com/leagues/majors/2020-free-agents.shtml
253,Michael Ynoa,2021-01-04,Philadelphia Phillies,OAK,29,,4,,,,,,,,,,,,,,,,,,,,,,,,,https://www.baseball-reference.com/leagues/majors/2020-free-agents.shtml
254,Ross Detwiler,2021-01-03,Miami Marlins,CHW,35,-0.4,12,151.0,118.0,3.0,7.0,0.0,3.0,0.0,3.0,0.059,0.083,0.059,0.142,27.0,48.0,4.56,1.47,224.0,95.0,1.0,673.1,747.0,78.0,243.0,415.0,https://www.baseball-reference.com/leagues/majors/2020-free-agents.shtml
255,Sandy León,2021-01-03,Miami Marlins,CLE,32,-1.2,9,417.0,1235.0,133.0,267.0,27.0,127.0,1.0,107.0,0.216,0.284,0.327,0.611,,,,,,,,,,,,,https://www.baseball-reference.com/leagues/majors/2020-free-agents.shtml
256,Nick Martini,2021-01-02,Chicago Cubs,PHI,31,1.4,2,87.0,245.0,34.0,66.0,2.0,26.0,0.0,35.0,0.269,0.372,0.38,0.751,,,,,,,,,,,,,https://www.baseball-reference.com/leagues/majors/2020-free-agents.shtml
257,Matt Dermody,2020-12-29,Chicago Cubs,CHC,30,0.0,3,1.0,0.0,0.0,0.0,0.0,0.0,0.0,0.0,,,,,2.0,0.0,5.13,1.291,29.0,0.0,0.0,26.1,29.0,7.0,5.0,21.0,https://www.baseball-reference.com/leagues/majors/2020-free-agents.shtml
258,Tommy Kahnle,2020-12-29,Los Angeles Dodgers,NYY,31,0.0,7,98.0,3.0,0.0,0.0,0.0,0.0,0.0,0.0,0.0,0.0,0.0,0.0,9.0,9.0,3.82,1.286,285.0,0.0,4.0,277.2,225.0,28.0,132.0,344.0,https://www.baseball-reference.com/leagues/majors/2020-free-agents.shtml
259,Hansel Robles,2020-12-29,Minnesota Twins,LAA,30,2.5,6,186.0,4.0,0.0,0.0,0.0,0.0,0.0,0.0,0.0,0.0,0.0,0.0,24.0,18.0,3.91,1.25,313.0,1.0,27.0,333.2,283.0,44.0,134.0,360.0,https://www.baseball-reference.com/leagues/majors/2020-free-agents.shtml
260,Kevan Smith,2020-12-29,Tampa Bay Rays,TBR,33,1.2,5,230.0,685.0,70.0,186.0,13.0,79.0,3.0,40.0,0.272,0.321,0.384,0.705,,,,,,,,,,,,,https://www.baseball-reference.com/leagues/majors/2020-free-agents.shtml
261,Jimmy Yacabonis,2020-12-29,Seattle Mariners,SEA,29,-0.1,4,3.0,2.0,0.0,0.0,0.0,1.0,0.0,0.0,0.0,0.0,0.0,0.0,3.0,5.0,5.71,1.635,57.0,12.0,0.0,104.0,111.0,19.0,59.0,75.0,https://www.baseball-reference.com/leagues/majors/2020-free-agents.shtml
262,Charlie Culberson,2020-12-28,Texas Rangers,ATL,32,0.5,8,427.0,849.0,98.0,211.0,23.0,111.0,12.0,46.0,0.249,0.293,0.391,0.684,0.0,0.0,2.7,1.8,4.0,0.0,0.0,3.1,4.0,0.0,2.0,1.0,https://www.baseball-reference.com/leagues/majors/2020-free-agents.shtml
263,Tim Dillard,2020-12-28,Texas Rangers,TEX,37,,12,,,,,,,,,,,,,,,,,,,,,,,,,https://www.baseball-reference.com/leagues/majors/2020-free-agents.shtml
264,Jaycob Brugman,2020-12-26,Atlanta Braves,CHW,29,,3,,,,,,,,,,,,,,,,,,,,,,,,,https://www.baseball-reference.com/leagues/majors/2020-free-agents.shtml
265,Matt Andriese,2020-12-23,Boston Red Sox,LAA,31,-0.5,6,70.0,9.0,0.0,0.0,0.0,0.0,0.0,0.0,0.0,0.0,0.0,0.0,26.0,34.0,4.57,1.305,183.0,50.0,7.0,460.2,467.0,69.0,134.0,424.0,https://www.baseball-reference.com/leagues/majors/2020-free-agents.shtml
266,Edgar García,2020-12-23,Cincinnati Reds,TBR,24,-0.5,2,35.0,0.0,0.0,0.0,0.0,0.0,0.0,0.0,,,,,2.0,0.0,6.17,1.677,41.0,0.0,1.0,42.1,41.0,13.0,30.0,46.0,https://www.baseball-reference.com/leagues/majors/2020-free-agents.shtml
267,Dustin Garneau,2020-12-23,Detroit Tigers,HOU,33,0.5,6,140.0,376.0,41.0,76.0,9.0,42.0,0.0,41.0,0.202,0.288,0.338,0.626,,,,,,,,,,,,,https://www.baseball-reference.com/leagues/majors/2020-free-agents.shtml
268,José Ureña,2020-12-23,Detroit Tigers,MIA,29,2.0,6,132.0,145.0,6.0,11.0,0.0,3.0,0.0,3.0,0.076,0.095,0.09,0.184,32.0,46.0,4.6,1.34,142.0,98.0,4.0,597.0,592.0,78.0,208.0,406.0,https://www.baseball-reference.com/leagues/majors/2020-free-agents.shtml
269,Jefry Rodríguez,2020-12-22,Washington Nationals,CLE,27,-0.2,2,15.0,16.0,2.0,3.0,0.0,1.0,0.0,0.0,0.188,0.188,0.25,0.438,4.0,8.0,5.2,1.51,24.0,16.0,0.0,98.2,91.0,13.0,58.0,72.0,https://www.baseball-reference.com/leagues/majors/2020-free-agents.shtml
270,Fernando Abad,2020-12-21,Baltimore Orioles,NYY,35,0.2,9,157.0,9.0,0.0,1.0,0.0,0.0,0.0,0.0,0.111,0.111,0.111,0.222,8.0,29.0,3.67,1.285,384.0,6.0,2.0,330.2,309.0,42.0,116.0,280.0,https://www.baseball-reference.com/leagues/majors/2020-free-agents.shtml
271,John Brebbia,2020-12-21,San Francisco Giants,STL,31,1.4,3,152.0,4.0,1.0,1.0,0.0,0.0,0.0,0.0,0.25,0.25,0.25,0.5,6.0,7.0,3.14,1.103,161.0,0.0,2.0,175.0,139.0,19.0,54.0,198.0,https://www.baseball-reference.com/leagues/majors/2020-free-agents.shtml
272,Wilfredo Tovar,2020-12-21,New York Mets,MIN,29,-0.1,3,40.0,101.0,6.0,19.0,0.0,7.0,1.0,6.0,0.188,0.241,0.238,0.478,,,,,,,,,,,,,https://www.baseball-reference.com/leagues/majors/2020-free-agents.shtml
273,Dylan Cozens,2020-12-18,Milwaukee Brewers,TBR,27,-0.2,2,,,,,,,,,,,,,,,,,,,,,,,,,https://www.baseball-reference.com/leagues/majors/2020-free-agents.shtml
274,Hoby Milner,2020-12-18,Milwaukee Brewers,LAA,30,-0.9,4,46.0,2.0,0.0,0.0,0.0,0.0,0.0,0.0,0.0,0.0,0.0,0.0,0.0,0.0,4.53,1.509,74.0,0.0,0.0,55.2,56.0,10.0,28.0,46.0,https://www.baseball-reference.com/leagues/majors/2020-free-agents.shtml
275,Richard Ureña,2020-12-18,Toronto Blue Jays,BAL,25,0.5,3,,,,,,,,,,,,,,,,,,,,,,,,,https://www.baseball-reference.com/leagues/majors/2020-free-agents.shtml
276,Michael Wacha,2020-12-18,Tampa Bay Rays,NYM,29,1.1,8,156.0,248.0,16.0,23.0,0.0,16.0,1.0,9.0,0.093,0.124,0.101,0.225,60.0,43.0,4.01,1.334,173.0,158.0,0.0,901.2,895.0,106.0,308.0,796.0,https://www.baseball-reference.com/leagues/majors/2020-free-agents.shtml
277,Nabil Crismatt,2020-12-17,San Diego Padres,STL,26,0.0,1,0.0,0.0,0.0,0.0,0.0,0.0,0.0,0.0,,,,,0.0,0.0,3.24,0.84,6.0,0.0,0.0,8.1,6.0,2.0,1.0,8.0,https://www.baseball-reference.com/leagues/majors/2020-free-agents.shtml
278,Jonathan Holder,2020-12-17,Chicago Cubs,NYY,28,0.0,5,13.0,0.0,1.0,0.0,0.0,0.0,0.0,0.0,,,,,10.0,6.0,4.38,1.285,157.0,2.0,0.0,176.2,174.0,21.0,53.0,165.0,https://www.baseball-reference.com/leagues/majors/2020-free-agents.shtml
279,Matt Reynolds,2020-12-17,Chicago White Sox,KCR,30,-0.4,4,130.0,226.0,25.0,48.0,4.0,19.0,0.0,19.0,0.212,0.282,0.323,0.605,,,,,,,,,,,,,https://www.baseball-reference.com/leagues/majors/2020-free-agents.shtml
280,José Rondón,2020-12-17,St. Louis Cardinals,BAL,27,-0.2,3,106.0,268.0,26.0,54.0,9.0,24.0,2.0,19.0,0.201,0.26,0.336,0.595,,,,,,,,,,,,,https://www.baseball-reference.com/leagues/majors/2020-free-agents.shtml
281,Nick Burdi,2020-12-16,San Diego Padres,PIT,28,-0.6,3,12.0,0.0,0.0,0.0,0.0,0.0,0.0,0.0,,,,,2.0,2.0,9.49,1.865,16.0,0.0,1.0,12.1,16.0,2.0,7.0,23.0,https://www.baseball-reference.com/leagues/majors/2020-free-agents.shtml
282,Alex Claudio,2020-12-16,Los Angeles Angels,MIL,29,1.8,7,92.0,0.0,0.0,0.0,0.0,0.0,0.0,0.0,,,,,15.0,8.0,3.44,1.271,311.0,2.0,13.0,311.2,318.0,25.0,78.0,217.0,https://www.baseball-reference.com/leagues/majors/2020-free-agents.shtml
283,Anthony DeSclafani,2020-12-16,San Francisco Giants,CIN,31,3.0,6,112.0,206.0,5.0,27.0,1.0,11.0,0.0,5.0,0.131,0.151,0.155,0.306,37.0,39.0,4.29,1.294,125.0,115.0,0.0,656.1,664.0,97.0,185.0,582.0,https://www.baseball-reference.com/leagues/majors/2020-free-agents.shtml
284,Matt Duffy,2020-12-16,Chicago Cubs,NYY,30,3.2,5,452.0,1616.0,194.0,456.0,22.0,169.0,32.0,120.0,0.282,0.338,0.38,0.718,,,,,,,,,,,,,https://www.baseball-reference.com/leagues/majors/2020-free-agents.shtml
285,Scott Heineman,2020-12-16,Cincinnati Reds,TEX,28,-0.1,2,49.0,127.0,14.0,24.0,3.0,14.0,4.0,11.0,0.189,0.259,0.331,0.59,,,,,,,,,,,,,https://www.baseball-reference.com/leagues/majors/2020-free-agents.shtml
286,David Hess,2020-12-16,Tampa Bay Rays,BAL,27,-0.7,3,5.0,5.0,2.0,0.0,0.0,0.0,0.0,1.0,0.0,0.167,0.0,0.167,4.0,20.0,5.86,1.466,47.0,33.0,0.0,190.1,210.0,51.0,69.0,143.0,https://www.baseball-reference.com/leagues/majors/2020-free-agents.shtml
287,Keynan Middleton,2020-12-16,Seattle Mariners,LAA,27,1.3,4,5.0,0.0,0.0,0.0,0.0,0.0,0.0,0.0,,,,,6.0,2.0,3.48,1.359,104.0,0.0,9.0,95.2,90.0,14.0,40.0,96.0,https://www.baseball-reference.com/leagues/majors/2020-free-agents.shtml
288,Joseph Odom,2020-12-16,Tampa Bay Rays,SEA,29,-0.2,1,18.0,39.0,2.0,5.0,0.0,2.0,0.0,4.0,0.128,0.209,0.128,0.338,,,,,,,,,,,,,https://www.baseball-reference.com/leagues/majors/2020-free-agents.shtml
289,Luis Ortiz,2020-12-16,Texas Rangers,BAL,25,-0.4,2,0.0,0.0,0.0,0.0,0.0,0.0,0.0,0.0,,,,,0.0,2.0,12.71,3.353,3.0,2.0,0.0,5.2,11.0,2.0,8.0,3.0,https://www.baseball-reference.com/leagues/majors/2020-free-agents.shtml
290,Mike Zunino,2020-12-16,Tampa Bay Rays,TBR,30,1.6,8,705.0,2226.0,244.0,446.0,108.0,283.0,2.0,164.0,0.2,0.27,0.394,0.663,,,,,,,,,,,,,https://www.baseball-reference.com/leagues/majors/2020-free-agents.shtml
291,David Dahl,2020-12-15,Texas Rangers,COL,27,0.5,4,264.0,938.0,149.0,268.0,38.0,142.0,15.0,66.0,0.286,0.334,0.494,0.828,,,,,,,,,,,,,https://www.baseball-reference.com/leagues/majors/2020-free-agents.shtml
292,James McCann,2020-12-15,New York Mets,CHW,31,4.2,7,601.0,2072.0,217.0,516.0,65.0,252.0,7.0,129.0,0.249,0.3,0.394,0.694,,,,,,,,,,,,,https://www.baseball-reference.com/leagues/majors/2020-free-agents.shtml
293,Max Moroff,2020-12-15,St. Louis Cardinals,NYM,28,-0.3,4,104.0,213.0,29.0,39.0,7.0,34.0,1.0,25.0,0.183,0.277,0.319,0.596,,,,,,,,,,,,,https://www.baseball-reference.com/leagues/majors/2020-free-agents.shtml
294,Jacob Rhame,2020-12-15,San Diego Padres,LAA,28,-0.4,3,,,,,,,,,,,,,,,,,,,,,,,,,https://www.baseball-reference.com/leagues/majors/2020-free-agents.shtml
295,Matt Bowman,2020-12-14,New York Yankees,CIN,30,-0.2,4,174.0,3.0,0.0,0.0,0.0,0.0,0.0,0.0,0.0,0.0,0.0,0.0,7.0,13.0,4.02,1.263,183.0,0.0,2.0,181.1,167.0,14.0,62.0,149.0,https://www.baseball-reference.com/leagues/majors/2020-free-agents.shtml
296,Jharel Cotton,2020-12-14,Texas Rangers,CHC,29,,2,1.0,2.0,0.0,0.0,0.0,0.0,0.0,0.0,0.0,0.0,0.0,0.0,11.0,10.0,4.95,1.326,29.0,29.0,0.0,158.1,153.0,32.0,57.0,128.0,https://www.baseball-reference.com/leagues/majors/2020-free-agents.shtml
297,Luke Farrell,2020-12-14,Minnesota Twins,TEX,30,-0.4,4,28.0,4.0,0.0,0.0,0.0,0.0,0.0,0.0,0.0,0.0,0.0,0.0,4.0,4.0,5.0,1.381,43.0,4.0,0.0,63.0,53.0,13.0,34.0,68.0,https://www.baseball-reference.com/leagues/majors/2020-free-agents.shtml
298,Reymin Guduan,2020-12-14,Oakland Athletics,LAD,29,-0.3,3,0.0,0.0,0.0,0.0,0.0,0.0,0.0,0.0,,,,,1.0,0.0,8.03,1.986,32.0,0.0,0.0,24.2,33.0,5.0,16.0,26.0,https://www.baseball-reference.com/leagues/majors/2020-free-agents.shtml
299,Greg Holland,2020-12-14,Kansas City Royals,KCR,35,0.8,10,171.0,0.0,0.0,0.0,0.0,0.0,0.0,0.0,,,,,27.0,22.0,2.9,1.182,494.0,0.0,212.0,487.1,362.0,31.0,214.0,619.0,https://www.baseball-reference.com/leagues/majors/2020-free-agents.shtml
300,Jason Martin,2020-12-14,Texas Rangers,PIT,25,-0.5,2,27.0,45.0,7.0,9.0,0.0,2.0,2.0,6.0,0.2,0.294,0.244,0.539,,,,,,,,,,,,,https://www.baseball-reference.com/leagues/majors/2020-free-agents.shtml
301,Edubray Ramos,2020-12-14,Texas Rangers,LAD,28,1.1,4,,,,,,,,,,,,,,,,,,,,,,,,,https://www.baseball-reference.com/leagues/majors/2020-free-agents.shtml
302,Hunter Renfroe,2020-12-14,Boston Red Sox,TBR,29,4.7,5,432.0,1445.0,194.0,330.0,97.0,226.0,12.0,118.0,0.228,0.29,0.486,0.776,,,,,,,,,,,,,https://www.baseball-reference.com/leagues/majors/2020-free-agents.shtml
303,Ben Rowen,2020-12-14,Los Angeles Angels,ATL,32,,2,4.0,0.0,0.0,0.0,0.0,0.0,0.0,0.0,,,,,0.0,0.0,6.94,2.057,12.0,0.0,0.0,11.2,20.0,0.0,4.0,9.0,https://www.baseball-reference.com/leagues/majors/2020-free-agents.shtml
304,Glenn Sparkman,2020-12-14,Minnesota Twins,KCR,29,0.3,4,3.0,2.0,0.0,0.0,0.0,0.0,0.0,0.0,0.0,0.0,0.0,0.0,4.0,14.0,5.99,1.591,52.0,26.0,0.0,180.1,229.0,33.0,58.0,111.0,https://www.baseball-reference.com/leagues/majors/2020-free-agents.shtml
305,James Bourque,2020-12-13,Chicago Cubs,WSN,27,-0.1,2,1.0,0.0,0.0,0.0,0.0,0.0,0.0,0.0,,,,,1.0,0.0,13.5,2.786,7.0,0.0,0.0,4.2,6.0,1.0,7.0,1.0,https://www.baseball-reference.com/leagues/majors/2020-free-agents.shtml
306,Luis García,2020-12-12,New York Yankees,TEX,34,-0.5,8,240.0,2.0,0.0,0.0,0.0,0.0,0.0,0.0,0.0,0.0,0.0,0.0,14.0,17.0,4.26,1.53,326.0,4.0,6.0,315.0,315.0,32.0,167.0,291.0,https://www.baseball-reference.com/leagues/majors/2020-free-agents.shtml
307,Ryan LaMarre,2020-12-12,New York Yankees,CHC,32,0.4,5,119.0,225.0,21.0,53.0,4.0,21.0,3.0,15.0,0.236,0.286,0.338,0.623,,,,,,,,,,,,,https://www.baseball-reference.com/leagues/majors/2020-free-agents.shtml
308,Nick Ramirez,2020-12-12,San Diego Padres,DET,31,0.9,2,3.0,1.0,0.0,0.0,0.0,0.0,0.0,0.0,0.0,0.0,0.0,0.0,5.0,4.0,4.28,1.362,51.0,0.0,0.0,90.1,84.0,14.0,39.0,85.0,https://www.baseball-reference.com/leagues/majors/2020-free-agents.shtml
309,R.J. Alaniz,2020-12-11,Cincinnati Reds,CIN,30,-0.4,1,8.0,1.0,0.0,1.0,0.0,1.0,0.0,0.0,1.0,1.0,1.0,2.0,1.0,0.0,9.19,1.66,12.0,0.0,0.0,15.2,19.0,3.0,7.0,13.0,https://www.baseball-reference.com/leagues/majors/2020-free-agents.shtml
310,Foster Griffin,2020-12-11,Kansas City Royals,KCR,25,0.1,1,0.0,0.0,0.0,0.0,0.0,0.0,0.0,0.0,,,,,1.0,0.0,0.0,0.0,1.0,0.0,0.0,1.2,0.0,0.0,0.0,1.0,https://www.baseball-reference.com/leagues/majors/2020-free-agents.shtml
311,Joe Harvey,2020-12-11,Colorado Rockies,COL,29,0.2,2,10.0,0.0,0.0,0.0,0.0,0.0,0.0,0.0,,,,,1.0,0.0,4.22,1.594,22.0,0.0,0.0,21.1,21.0,3.0,13.0,19.0,https://www.baseball-reference.com/leagues/majors/2020-free-agents.shtml
312,Jimmy Herget,2020-12-11,Texas Rangers,TEX,27,0.4,2,5.0,0.0,0.0,0.0,0.0,0.0,0.0,0.0,,,,,1.0,0.0,3.46,1.462,25.0,1.0,0.0,26.0,21.0,4.0,17.0,17.0,https://www.baseball-reference.com/leagues/majors/2020-free-agents.shtml
313,Lucas Luetge,2020-12-11,New York Yankees,OAK,34,,4,4.0,0.0,0.0,0.0,0.0,0.0,0.0,0.0,,,,,3.0,5.0,4.35,1.483,111.0,0.0,2.0,89.0,85.0,8.0,47.0,74.0,https://www.baseball-reference.com/leagues/majors/2020-free-agents.shtml
314,James Pazos,2020-12-11,Los Angeles Dodgers,COL,30,0.9,6,20.0,0.0,0.0,0.0,0.0,0.0,0.0,0.0,,,,,9.0,6.0,3.95,1.386,155.0,0.0,0.0,127.2,125.0,17.0,52.0,127.0,https://www.baseball-reference.com/leagues/majors/2020-free-agents.shtml
315,Zac Rosscup,2020-12-11,Colorado Rockies,COL,33,-0.2,6,88.0,0.0,0.0,0.0,0.0,0.0,0.0,0.0,,,,,5.0,2.0,5.16,1.649,116.0,0.0,0.0,83.2,83.0,15.0,55.0,113.0,https://www.baseball-reference.com/leagues/majors/2020-free-agents.shtml
316,Carlos Sanabria,2020-12-11,Kansas City Royals,KCR,24,0.0,1,0.0,0.0,0.0,0.0,0.0,0.0,0.0,0.0,,,,,0.0,0.0,9.0,3.0,2.0,0.0,0.0,2.0,3.0,1.0,3.0,2.0,https://www.baseball-reference.com/leagues/majors/2020-free-agents.shtml
317,Bubba Starling,2020-12-11,Kansas City Royals,KCR,28,-1.8,2,91.0,245.0,31.0,50.0,5.0,17.0,2.0,13.0,0.204,0.246,0.298,0.544,,,,,,,,,,,,,https://www.baseball-reference.com/leagues/majors/2020-free-agents.shtml
318,Adam Eaton,2020-12-10,Chicago White Sox,WSN,32,2.5,9,831.0,3185.0,528.0,899.0,60.0,289.0,84.0,324.0,0.282,0.36,0.416,0.775,,,,,,,,,,,,,https://www.baseball-reference.com/leagues/majors/2020-free-agents.shtml
319,Silvino Bracho,2020-12-09,San Francisco Giants,ARI,28,0.3,5,85.0,1.0,0.0,0.0,0.0,0.0,0.0,0.0,0.0,0.0,0.0,0.0,2.0,2.0,4.82,1.316,92.0,0.0,1.0,89.2,85.0,17.0,33.0,94.0,https://www.baseball-reference.com/leagues/majors/2020-free-agents.shtml
320,Dominic Leone,2020-12-09,San Francisco Giants,CLE,29,-0.7,7,103.0,0.0,0.0,0.0,0.0,0.0,0.0,0.0,,,,,13.0,10.0,4.09,1.387,241.0,0.0,2.0,253.0,247.0,34.0,104.0,271.0,https://www.baseball-reference.com/leagues/majors/2020-free-agents.shtml
321,Chadwick Tromp,2020-12-09,San Francisco Giants,SFG,26,-0.2,1,24.0,61.0,11.0,13.0,4.0,10.0,0.0,1.0,0.213,0.219,0.426,0.645,,,,,,,,,,,,,https://www.baseball-reference.com/leagues/majors/2020-free-agents.shtml
322,Brian O'Grady,2020-12-08,San Diego Padres,TBR,29,0.2,2,30.0,47.0,6.0,10.0,2.0,3.0,1.0,4.0,0.213,0.302,0.447,0.749,,,,,,,,,,,,,https://www.baseball-reference.com/leagues/majors/2020-free-agents.shtml
323,César Puello,2020-12-08,Boston Red Sox,BOS,30,1.2,3,66.0,167.0,21.0,41.0,4.0,21.0,2.0,16.0,0.246,0.354,0.347,0.701,,,,,,,,,,,,,https://www.baseball-reference.com/leagues/majors/2020-free-agents.shtml
324,Carlos Santana,2020-12-08,Kansas City Royals,CLE,35,7.9,11,1495.0,5333.0,799.0,1325.0,240.0,796.0,46.0,991.0,0.248,0.366,0.446,0.812,,,,,,,,,,,,,https://www.baseball-reference.com/leagues/majors/2020-free-agents.shtml
325,Dwight Smith Jr.,2020-12-08,Cincinnati Reds,BAL,28,-0.9,4,169.0,512.0,66.0,127.0,17.0,68.0,7.0,41.0,0.248,0.31,0.416,0.726,,,,,,,,,,,,,https://www.baseball-reference.com/leagues/majors/2020-free-agents.shtml
326,Matt Wisler,2020-12-08,San Francisco Giants,MIN,28,0.6,6,103.0,86.0,2.0,11.0,0.0,3.0,0.0,3.0,0.128,0.156,0.128,0.283,19.0,28.0,4.95,1.379,147.0,61.0,2.0,414.2,433.0,67.0,139.0,339.0,https://www.baseball-reference.com/leagues/majors/2020-free-agents.shtml
327,Clay Holmes,2020-12-07,Pittsburgh Pirates,PIT,28,-1.0,3,43.0,11.0,1.0,0.0,0.0,0.0,0.0,0.0,0.0,0.0,0.0,0.0,2.0,5.0,5.91,1.751,47.0,4.0,0.0,77.2,77.0,7.0,59.0,78.0,https://www.baseball-reference.com/leagues/majors/2020-free-agents.shtml
328,Sean Kazmar Jr.,2020-12-07,Atlanta Braves,ATL,36,,1,19.0,39.0,2.0,8.0,0.0,2.0,0.0,5.0,0.205,0.289,0.231,0.52,,,,,,,,,,,,,https://www.baseball-reference.com/leagues/majors/2020-free-agents.shtml
329,Chi Chi González,2020-12-04,Colorado Rockies,COL,29,0.2,4,13.0,24.0,0.0,1.0,0.0,2.0,0.0,0.0,0.042,0.042,0.042,0.083,6.0,16.0,5.12,1.469,37.0,29.0,0.0,160.0,151.0,21.0,84.0,99.0,https://www.baseball-reference.com/leagues/majors/2020-free-agents.shtml
330,Rico Garcia,2020-12-03,San Francisco Giants,SFG,27,-0.2,2,2.0,1.0,0.0,0.0,0.0,0.0,0.0,0.0,0.0,0.0,0.0,0.0,1.0,2.0,7.31,1.938,14.0,1.0,0.0,16.0,22.0,4.0,9.0,9.0,https://www.baseball-reference.com/leagues/majors/2020-free-agents.shtml
331,Tzu-Wei Lin,2020-12-03,Minnesota Twins,BOS,27,-0.6,4,101.0,193.0,27.0,43.0,1.0,12.0,2.0,21.0,0.223,0.298,0.316,0.614,0.0,0.0,27.0,4.0,1.0,0.0,0.0,1.0,4.0,1.0,0.0,0.0,https://www.baseball-reference.com/leagues/majors/2020-free-agents.shtml
332,Sam Travis,2020-12-03,Seattle Mariners,TEX,27,-0.7,3,,,,,,,,,,,,,,,,,,,,,,,,,https://www.baseball-reference.com/leagues/majors/2020-free-agents.shtml
333,Kyle Farmer,2020-12-02,Cincinnati Reds,CIN,30,0.8,4,188.0,335.0,28.0,81.0,9.0,42.0,5.0,20.0,0.242,0.297,0.37,0.667,0.0,0.0,0.0,0.75,1.0,0.0,0.0,1.1,1.0,0.0,0.0,0.0,https://www.baseball-reference.com/leagues/majors/2020-free-agents.shtml
334,Zach Green,2020-12-02,Milwaukee Brewers,SFG,27,0.0,1,,,,,,,,,,,,,,,,,,,,,,,,,https://www.baseball-reference.com/leagues/majors/2020-free-agents.shtml
335,Trevor May,2020-12-02,New York Mets,MIN,31,1.9,6,10.0,3.0,0.0,0.0,0.0,0.0,0.0,0.0,0.0,0.0,0.0,0.0,23.0,21.0,4.44,1.304,215.0,26.0,7.0,316.0,309.0,42.0,103.0,367.0,https://www.baseball-reference.com/leagues/majors/2020-free-agents.shtml
336,Mike Minor,2020-12-01,Kansas City Royals,OAK,33,11.7,9,112.0,210.0,13.0,25.0,2.0,10.0,0.0,9.0,0.119,0.155,0.176,0.331,71.0,66.0,3.98,1.223,248.0,181.0,6.0,1152.1,1074.0,153.0,335.0,1048.0,https://www.baseball-reference.com/leagues/majors/2020-free-agents.shtml
337,Trevor Hildenberger,2020-11-30,New York Mets,BOS,30,-2.0,3,11.0,0.0,0.0,0.0,0.0,0.0,0.0,0.0,,,,,9.0,11.0,5.35,1.386,132.0,0.0,9.0,131.1,143.0,18.0,39.0,129.0,https://www.baseball-reference.com/leagues/majors/2020-free-agents.shtml
338,Michael A. Taylor,2020-11-30,Kansas City Royals,WSN,30,0.9,7,574.0,1664.0,204.0,395.0,53.0,184.0,77.0,123.0,0.237,0.291,0.395,0.686,,,,,,,,,,,,,https://www.baseball-reference.com/leagues/majors/2020-free-agents.shtml
339,Charlie Morton,2020-11-24,Atlanta Braves,TBR,37,8.4,13,158.0,266.0,4.0,20.0,0.0,6.0,0.0,3.0,0.075,0.085,0.09,0.175,93.0,89.0,4.08,1.334,259.0,258.0,0.0,1439.1,1402.0,122.0,518.0,1276.0,https://www.baseball-reference.com/leagues/majors/2020-free-agents.shtml
340,Jake Faria,2020-11-23,Los Angeles Angels,MIL,27,-0.6,3,9.0,0.0,0.0,0.0,0.0,0.0,0.0,0.0,,,,,9.0,9.0,4.54,1.38,49.0,26.0,0.0,170.1,159.0,25.0,76.0,153.0,https://www.baseball-reference.com/leagues/majors/2020-free-agents.shtml
341,Aaron Barrett,2020-11-20,Washington Nationals,WSN,33,-0.2,4,85.0,0.0,0.0,0.0,0.0,0.0,0.0,0.0,,,,,6.0,3.0,4.01,1.365,95.0,0.0,0.0,74.0,68.0,3.0,33.0,86.0,https://www.baseball-reference.com/leagues/majors/2020-free-agents.shtml
342,Scott Schebler,2020-11-20,Los Angeles Angels,ATL,30,0.3,6,380.0,1228.0,171.0,294.0,61.0,167.0,13.0,114.0,0.239,0.318,0.442,0.76,,,,,,,,,,,,,https://www.baseball-reference.com/leagues/majors/2020-free-agents.shtml
343,Drew Steckenrider,2020-11-20,Seattle Mariners,MIA,30,0.1,3,114.0,0.0,0.0,0.0,0.0,0.0,0.0,0.0,,,,,5.0,7.0,3.72,1.267,123.0,0.0,6.0,113.2,94.0,17.0,50.0,142.0,https://www.baseball-reference.com/leagues/majors/2020-free-agents.shtml
344,Gerson Bautista,2020-11-17,Seattle Mariners,SEA,26,-0.6,2,,,,,,,,,,,,,,,,,,,,,,,,,https://www.baseball-reference.com/leagues/majors/2020-free-agents.shtml
345,Danny Coulombe,2020-11-17,Minnesota Twins,MIN,31,0.1,6,20.0,1.0,0.0,0.0,0.0,0.0,0.0,0.0,0.0,0.0,0.0,0.0,6.0,4.0,4.19,1.336,155.0,0.0,0.0,146.0,131.0,16.0,64.0,137.0,https://www.baseball-reference.com/leagues/majors/2020-free-agents.shtml
346,Anthony Gose,2020-11-17,Cleveland Indians,CLE,30,,5,372.0,1128.0,155.0,271.0,12.0,69.0,57.0,101.0,0.24,0.309,0.348,0.656,,,,,,,,,,,,,https://www.baseball-reference.com/leagues/majors/2020-free-agents.shtml
347,Pete Kozma,2020-11-17,Oakland Athletics,ATL,33,0.3,7,341.0,735.0,89.0,158.0,5.0,62.0,8.0,63.0,0.215,0.278,0.291,0.569,,,,,,,,,,,,,https://www.baseball-reference.com/leagues/majors/2020-free-agents.shtml
348,Parker Markel,2020-11-17,San Diego Padres,LAA,30,-0.4,1,15.0,3.0,0.0,0.0,0.0,0.0,0.0,0.0,0.0,0.0,0.0,0.0,0.0,1.0,7.77,1.955,20.0,0.0,0.0,22.0,26.0,6.0,17.0,24.0,https://www.baseball-reference.com/leagues/majors/2020-free-agents.shtml
349,Ian Miller,2020-11-17,Chicago Cubs,CHC,29,0.1,2,13.0,17.0,2.0,3.0,0.0,1.0,0.0,0.0,0.176,0.176,0.235,0.412,,,,,,,,,,,,,https://www.baseball-reference.com/leagues/majors/2020-free-agents.shtml
350,Sam Moll,2020-11-17,Arizona Diamondbacks,SFG,29,,1,0.0,0.0,0.0,0.0,0.0,0.0,0.0,0.0,,,,,0.0,0.0,10.8,2.4,11.0,0.0,0.0,6.2,13.0,2.0,3.0,7.0,https://www.baseball-reference.com/leagues/majors/2020-free-agents.shtml
351,Dereck Rodríguez,2020-11-17,Colorado Rockies,DET,29,1.1,3,47.0,61.0,1.0,8.0,0.0,1.0,0.0,0.0,0.131,0.131,0.148,0.279,12.0,15.0,4.27,1.315,51.0,35.0,0.0,221.1,216.0,32.0,75.0,162.0,https://www.baseball-reference.com/leagues/majors/2020-free-agents.shtml
352,Frank Schwindel,2020-11-17,Oakland Athletics,DET,29,-0.2,1,6.0,15.0,0.0,1.0,0.0,0.0,0.0,0.0,0.067,0.067,0.067,0.133,,,,,,,,,,,,,https://www.baseball-reference.com/leagues/majors/2020-free-agents.shtml
353,Kean Wong,2020-11-17,Los Angeles Angels,SFG,26,-0.1,1,7.0,18.0,2.0,3.0,0.0,0.0,0.0,0.0,0.167,0.167,0.167,0.333,,,,,,,,,,,,,https://www.baseball-reference.com/leagues/majors/2020-free-agents.shtml
354,José Briceño,2020-11-16,Colorado Rockies,LAA,28,0.5,2,48.0,122.0,12.0,29.0,5.0,10.0,0.0,9.0,0.238,0.301,0.377,0.678,,,,,,,,,,,,,https://www.baseball-reference.com/leagues/majors/2020-free-agents.shtml
355,Montana DuRapau,2020-11-16,Oakland Athletics,PIT,29,-0.8,1,,,,,,,,,,,,,,,,,,,,,,,,,https://www.baseball-reference.com/leagues/majors/2020-free-agents.shtml
356,Jake Jewell,2020-11-16,Chicago Cubs,SFG,28,-0.3,2,4.0,0.0,0.0,0.0,0.0,0.0,0.0,0.0,,,,,0.0,1.0,6.99,1.376,21.0,0.0,0.0,28.1,30.0,8.0,9.0,24.0,https://www.baseball-reference.com/leagues/majors/2020-free-agents.shtml
357,Brady Lail,2020-11-16,Seattle Mariners,SEA,27,-0.1,2,0.0,0.0,0.0,0.0,0.0,0.0,0.0,0.0,,,,,0.0,0.0,5.21,1.263,9.0,0.0,0.0,19.0,16.0,6.0,8.0,14.0,https://www.baseball-reference.com/leagues/majors/2020-free-agents.shtml
358,Kevin McCarthy,2020-11-16,Boston Red Sox,KCR,29,2.2,5,10.0,0.0,0.0,0.0,0.0,0.0,0.0,0.0,,,,,11.0,6.0,3.8,1.409,169.0,0.0,1.0,191.2,209.0,17.0,61.0,120.0,https://www.baseball-reference.com/leagues/majors/2020-free-agents.shtml
359,Rafael Ortega,2020-11-16,Chicago Cubs,ATL,30,-0.9,4,143.0,410.0,41.0,94.0,3.0,33.0,17.0,32.0,0.229,0.287,0.29,0.577,,,,,,,,,,,,,https://www.baseball-reference.com/leagues/majors/2020-free-agents.shtml
360,Thomas Pannone,2020-11-16,Los Angeles Angels,TOR,27,0.2,2,3.0,0.0,0.0,0.0,0.0,0.0,0.0,0.0,,,,,7.0,7.0,5.43,1.345,49.0,13.0,0.0,116.0,110.0,20.0,46.0,98.0,https://www.baseball-reference.com/leagues/majors/2020-free-agents.shtml
361,Drew Smyly,2020-11-16,Atlanta Braves,SFG,32,0.0,7,18.0,23.0,1.0,0.0,0.0,0.0,0.0,1.0,0.0,0.042,0.0,0.042,35.0,35.0,4.13,1.258,188.0,111.0,3.0,710.2,669.0,111.0,225.0,714.0,https://www.baseball-reference.com/leagues/majors/2020-free-agents.shtml
362,D.J. Snelten,2020-11-16,Chicago Cubs,TBR,29,-0.3,2,,,,,,,,,,,,,,,,,,,,,,,,,https://www.baseball-reference.com/leagues/majors/2020-free-agents.shtml
363,Jerry Vasto,2020-11-16,Chicago Cubs,CHC,29,-0.2,2,,,,,,,,,,,,,,,,,,,,,,,,,https://www.baseball-reference.com/leagues/majors/2020-free-agents.shtml
364,Connor Joe,2020-11-15,Colorado Rockies,LAD,28,-0.2,1,8.0,15.0,1.0,1.0,0.0,0.0,0.0,1.0,0.067,0.125,0.067,0.192,,,,,,,,,,,,,https://www.baseball-reference.com/leagues/majors/2020-free-agents.shtml
365,Tyler Heineman,2020-11-14,St. Louis Cardinals,SFG,30,0.2,2,20.0,53.0,4.0,11.0,1.0,3.0,1.0,4.0,0.208,0.288,0.302,0.59,0.0,0.0,0.0,1.0,1.0,0.0,0.0,1.0,1.0,0.0,0.0,0.0,https://www.baseball-reference.com/leagues/majors/2020-free-agents.shtml
366,Michael Hermosillo,2020-11-12,Chicago Cubs,LAA,26,-0.2,3,56.0,101.0,14.0,19.0,1.0,6.0,3.0,9.0,0.188,0.288,0.287,0.575,,,,,,,,,,,,,https://www.baseball-reference.com/leagues/majors/2020-free-agents.shtml
367,Derek Law,2020-11-12,Minnesota Twins,TEX,30,-0.4,4,107.0,2.0,1.0,1.0,0.0,0.0,0.0,0.0,0.5,0.5,0.5,1.0,10.0,5.0,4.22,1.425,167.0,4.0,10.0,166.1,166.0,18.0,71.0,164.0,https://www.baseball-reference.com/leagues/majors/2020-free-agents.shtml
368,Kevin Gausman,2020-11-11,San Francisco Giants,SFG,30,3.6,8,50.0,56.0,1.0,2.0,0.0,0.0,0.0,5.0,0.036,0.115,0.036,0.15,50.0,66.0,4.26,1.329,203.0,164.0,0.0,985.1,1014.0,138.0,296.0,934.0,https://www.baseball-reference.com/leagues/majors/2020-free-agents.shtml
369,Marcus Stroman,2020-11-11,New York Mets,NYM,30,3.9,6,26.0,38.0,7.0,4.0,1.0,1.0,0.0,0.0,0.105,0.105,0.211,0.316,51.0,47.0,3.76,1.292,146.0,140.0,1.0,849.1,853.0,78.0,244.0,695.0,https://www.baseball-reference.com/leagues/majors/2020-free-agents.shtml
370,Josh Tomlin,2020-11-11,Atlanta Braves,ATL,36,0.7,11,61.0,25.0,2.0,7.0,0.0,1.0,0.0,0.0,0.28,0.28,0.32,0.6,65.0,56.0,4.69,1.217,251.0,150.0,2.0,1017.2,1091.0,187.0,148.0,699.0,https://www.baseball-reference.com/leagues/majors/2020-free-agents.shtml
371,Robbie Ray,2020-11-07,Toronto Blue Jays,TOR,29,1.8,7,131.0,233.0,11.0,34.0,1.0,9.0,0.0,4.0,0.146,0.16,0.185,0.344,49.0,51.0,4.26,1.384,161.0,157.0,0.0,842.1,765.0,123.0,401.0,1042.0,https://www.baseball-reference.com/leagues/majors/2020-free-agents.shtml
372,Abiatal Avelino,2020-11-05,Chicago Cubs,SFG,26,-0.1,2,,,,,,,,,,,,,,,,,,,,,,,,,https://www.baseball-reference.com/leagues/majors/2020-free-agents.shtml
373,José Peraza,2020-11-04,New York Mets,BOS,27,0.9,6,554.0,1869.0,213.0,505.0,29.0,162.0,78.0,80.0,0.27,0.31,0.372,0.681,0.0,0.0,5.4,1.8,3.0,0.0,0.0,1.2,3.0,0.0,0.0,0.0,https://www.baseball-reference.com/leagues/majors/2020-free-agents.shtml
374,Mallex Smith,2020-11-04,New York Mets,SEA,28,3.0,5,442.0,1480.0,198.0,378.0,13.0,114.0,120.0,134.0,0.255,0.325,0.361,0.686,,,,,,,,,,,,,https://www.baseball-reference.com/leagues/majors/2020-free-agents.shtml
375,Paolo Espino,2020-11-02,Washington Nationals,WSN,34,0.1,2,6.0,4.0,0.0,1.0,0.0,0.0,0.0,0.0,0.25,0.25,0.25,0.5,0.0,0.0,5.7,1.433,14.0,3.0,0.0,30.0,31.0,8.0,12.0,27.0,https://www.baseball-reference.com/leagues/majors/2020-free-agents.shtml
376,Abraham Almonte,2020-10-30,Atlanta Braves,SDP,32,-0.4,8,376.0,1038.0,141.0,246.0,18.0,97.0,25.0,91.0,0.237,0.298,0.37,0.668,,,,,,,,,,,,,https://www.baseball-reference.com/leagues/majors/2020-free-agents.shtml
377,Kendall Graveman,2020-10-29,Seattle Mariners,SEA,30,-1.2,6,6.0,5.0,0.0,0.0,0.0,0.0,0.0,0.0,0.0,0.0,0.0,0.0,24.0,32.0,4.44,1.371,94.0,80.0,0.0,464.2,499.0,60.0,138.0,301.0,https://www.baseball-reference.com/leagues/majors/2020-free-agents.shtml
378,Stevie Wilkerson,2020-10-29,Baltimore Orioles,BAL,29,-0.8,2,133.0,375.0,43.0,82.0,10.0,38.0,4.0,25.0,0.219,0.279,0.365,0.644,0.0,0.0,6.75,1.125,4.0,0.0,1.0,5.1,6.0,2.0,0.0,1.0,https://www.baseball-reference.com/leagues/majors/2020-free-agents.shtml
379,Justin Smoak,2020-09-09,San Francisco Giants,MIL,34,2.3,11,1286.0,4153.0,505.0,951.0,196.0,570.0,3.0,552.0,0.229,0.322,0.419,0.74,,,,,,,,,,,,,https://www.baseball-reference.com/leagues/majors/2020-free-agents.shtml
380,AJ Ramos,2020-09-05,Colorado Rockies,CHC,34,-0.4,8,356.0,0.0,0.0,0.0,0.0,0.0,0.0,0.0,,,,,17.0,18.0,3.08,1.28,377.0,0.0,99.0,368.2,269.0,25.0,203.0,427.0,https://www.baseball-reference.com/leagues/majors/2020-free-agents.shtml
